age,gender,exp,marka,year,engine,kbm,rise
60,1,1,Ford,2004,522,0.65,0.0
43,1,16,Buick,1986,691,0.65,0.0
48,1,15,Chevrolet,2009,133,0.95,1.0
35,0,9,Oldsmobile,1995,146,0.55,0.0
51,1,33,Ford,2012,128,0.8,1.0
50,0,18,Pontiac,2000,144,0.6,0.0
34,0,31,Mazda,2009,151,1.4,1.0
54,0,21,Ford,1989,88,0.8,1.0
40,1,34,Acura,2010,653,1.4,1.0
44,0,19,Ford,2004,120,0.85,1.0
37,1,20,Lexus,2006,150,0.85,1.0
34,0,5,Dodge,2005,423,0.7,0.0
50,1,36,Eagle,1994,104,0.65,0.0
53,0,2,Chevrolet,1997,87,0.6,0.0
43,0,5,Land Rover,2008,191,0.55,0.0
55,1,18,Pontiac,1999,138,1.55,1.0
53,1,6,Toyota,2005,94,0.95,1.0
35,1,22,Dodge,2003,82,0.95,1.0
45,0,1,Hyundai,2012,338,1.4,1.0
39,0,8,Volvo,2002,213,0.7,0.0
59,1,22,Mercedes-Benz,2009,86,2.3,1.0
42,1,13,Mazda,1995,137,2.45,1.0
34,0,24,Mazda,1992,154,0.75,1.0
31,0,16,GMC,1992,120,0.85,1.0
28,0,24,BMW,2012,144,0.55,0.0
43,1,18,Lamborghini,1995,125,0.7,0.0
48,0,2,Mitsubishi,1995,110,0.8,1.0
47,0,39,Porsche,1986,116,0.95,1.0
44,0,17,Ford,1992,93,0.85,1.0
46,1,24,Toyota,1995,130,0.55,0.0
60,0,5,Honda,1994,122,0.55,0.0
33,0,6,Volkswagen,2012,306,0.8,1.0
32,0,1,Chevrolet,2010,159,1.55,1.0
44,1,11,Chevrolet,1969,135,0.55,0.0
35,0,13,Honda,1995,160,0.8,1.0
40,0,15,Chevrolet,2003,80,1,1.0
54,1,16,Mercedes-Benz,2011,153,0.8,1.0
49,1,1,Lincoln,2013,484,1.4,1.0
36,0,3,Lincoln,1990,207,0.75,1.0
52,0,16,Saab,1998,142,0.8,1.0
41,1,7,Chevrolet,1999,95,0.6,0.0
39,1,8,Chrysler,1994,120,1.4,1.0
56,0,18,Toyota,1997,84,0.8,1.0
49,0,4,Suzuki,2000,153,2.45,1.0
38,0,3,Chevrolet,2005,250,0.8,1.0
43,0,1,Mercedes-Benz,2000,453,0.6,0.0
50,0,12,BMW,2004,118,0.5,0.0
63,0,5,Honda,2001,271,0.55,0.0
52,0,24,Dodge,2002,154,0.55,0.0
35,1,2,Subaru,1990,154,0.85,1.0
43,0,6,Mercedes-Benz,1997,177,0.55,0.0
41,0,13,Mitsubishi,2000,135,0.8,1.0
40,1,1,Pontiac,2003,85,0.7,0.0
31,1,32,Audi,2006,122,1,1.0
47,0,13,Porsche,2001,83,2.45,1.0
53,1,1,Toyota,1995,93,0.65,0.0
39,0,8,Ram,2011,89,1.4,1.0
33,1,16,Mitsubishi,1992,101,1,1.0
59,1,5,Mercury,2002,96,0.65,0.0
42,1,8,Acura,2010,301,2.45,1.0
40,1,30,Toyota,1996,99,0.85,1.0
41,0,24,Cadillac,1993,106,0.8,1.0
37,0,17,Mercedes-Benz,1997,117,0.85,1.0
36,1,10,Pontiac,1987,80,1.55,1.0
44,0,8,Buick,1988,500,0.65,0.0
56,1,10,Hyundai,1997,104,0.75,1.0
45,0,26,Lincoln,2002,136,2.45,1.0
34,1,1,Suzuki,1992,645,0.5,0.0
48,1,17,Maserati,1990,123,0.85,1.0
44,1,14,Chrysler,2007,125,0.5,0.0
33,0,7,Ford,2004,209,0.7,0.0
32,0,24,Audi,1994,107,0.95,1.0
34,0,8,Pontiac,2002,314,0.85,1.0
38,0,9,Nissan,2009,258,0.95,1.0
35,0,19,GMC,1997,93,0.8,1.0
44,0,28,Audi,2012,105,0.8,1.0
43,0,8,BMW,1997,487,0.65,0.0
49,1,7,Toyota,2005,405,0.7,0.0
46,0,20,Cadillac,1997,154,0.7,0.0
45,0,11,Mitsubishi,2004,101,0.7,0.0
46,1,29,Jensen,1966,150,1,1.0
45,1,15,Toyota,1987,139,1.55,1.0
48,1,5,Nissan,2003,380,0.75,1.0
63,0,26,Toyota,1996,95,0.65,0.0
44,0,2,Mercedes-Benz,1987,182,2.3,1.0
45,1,25,Mitsubishi,1987,107,0.85,1.0
62,0,8,Studebaker,1961,96,1.55,1.0
48,0,2,GMC,2004,237,0.85,1.0
37,0,16,GMC,2012,123,0.5,0.0
35,0,18,Lotus,2007,108,2.45,1.0
48,1,13,Ford,2008,99,0.85,1.0
39,0,24,Subaru,1990,400,0.9,1.0
49,0,9,Mazda,2003,152,0.85,1.0
44,0,5,GMC,1998,97,0.55,0.0
50,0,24,Chevrolet,1994,92,1,1.0
30,0,5,Chevrolet,2009,215,0.85,1.0
54,1,22,Volkswagen,1991,102,0.75,1.0
38,1,11,Mercedes-Benz,1984,136,0.8,1.0
53,0,7,Pontiac,1966,175,0.85,1.0
53,0,8,Mercury,1986,81,0.6,0.0
29,1,7,Saturn,1998,180,0.8,1.0
58,1,2,Volkswagen,1994,207,0.6,0.0
55,0,7,Mazda,2010,111,2.45,1.0
55,1,7,Mercedes-Benz,2000,349,2.3,1.0
56,0,20,Chevrolet,2006,116,0.7,0.0
39,0,6,Lexus,1998,297,0.9,1.0
44,1,5,Honda,1997,303,1.4,1.0
34,1,12,Ford,1998,100,0.85,1.0
34,0,6,Volkswagen,1991,156,0.6,0.0
36,1,5,Acura,2000,408,2.45,1.0
41,1,21,Subaru,2000,158,0.7,0.0
46,1,22,Chevrolet,1999,119,0.6,0.0
45,0,21,Maybach,2005,123,0.65,0.0
42,1,3,Pontiac,2002,81,0.75,1.0
38,1,20,Chevrolet,2005,87,0.55,0.0
33,1,1,Lincoln,1995,293,0.7,0.0
37,0,10,Toyota,2001,126,1.55,1.0
42,0,6,Lincoln,2011,288,0.75,1.0
47,0,11,Nissan,2000,92,1,1.0
43,0,17,Nissan,2011,154,0.85,1.0
52,0,3,Chevrolet,2009,386,0.9,1.0
43,1,24,Volkswagen,2000,116,0.85,1.0
64,1,36,Mazda,1997,491,0.75,1.0
66,1,7,Subaru,2004,264,1.4,1.0
60,1,3,Daewoo,2000,113,1.4,1.0
35,0,25,Chevrolet,1995,86,0.55,0.0
52,1,9,Chevrolet,2007,627,0.95,1.0
52,0,14,Mazda,2004,95,2.45,1.0
56,1,15,Cadillac,2011,90,0.8,1.0
38,0,8,Buick,1993,83,0.75,1.0
55,0,1,Mercedes-Benz,2010,432,1.55,1.0
47,1,19,Citroën,1989,132,0.6,0.0
37,1,3,Volkswagen,1994,447,0.6,0.0
47,1,15,Alfa Romeo,1994,130,0.5,0.0
26,1,5,Lexus,2011,478,0.9,1.0
61,0,24,Mitsubishi,1986,106,0.85,1.0
41,0,28,Lotus,1985,153,0.85,1.0
40,0,5,Land Rover,1990,83,2.3,1.0
52,1,4,Chevrolet,2002,169,1.55,1.0
58,0,14,Chrysler,1997,146,2.3,1.0
52,1,1,Mercury,1988,132,0.85,1.0
38,0,4,Oldsmobile,1998,440,0.9,1.0
41,1,22,Volkswagen,2002,104,0.5,0.0
37,0,2,Scion,2011,364,2.3,1.0
48,1,19,Ram,2011,157,0.95,1.0
47,1,8,GMC,2004,443,1.55,1.0
41,1,23,Ford,2002,143,1,1.0
49,0,17,Ford,2005,159,0.5,0.0
41,1,5,Ford,2008,394,0.55,0.0
47,1,20,Lincoln,2013,114,0.6,0.0
30,0,20,GMC,1992,85,0.75,1.0
44,0,19,Porsche,2002,119,0.75,1.0
46,0,15,Toyota,2009,121,0.65,0.0
49,0,5,Chevrolet,1997,666,0.7,0.0
33,0,4,Buick,2000,468,1.55,1.0
34,0,7,Toyota,2007,179,0.7,0.0
44,0,4,Lexus,2013,184,0.5,0.0
43,0,6,Subaru,2000,253,0.75,1.0
62,0,6,Ford,2006,435,1.4,1.0
42,1,6,Ford,1985,126,0.75,1.0
36,0,19,Chevrolet,1996,127,0.8,1.0
47,1,6,Chevrolet,1998,118,0.6,0.0
50,1,17,Oldsmobile,1996,104,1.4,1.0
51,1,5,Jeep,1998,84,1.55,1.0
46,0,2,Mercedes-Benz,2004,383,0.85,1.0
50,0,36,Chevrolet,2010,427,1.4,1.0
43,0,19,Toyota,1995,122,0.65,0.0
39,0,18,Porsche,2002,118,1.55,1.0
43,0,3,Toyota,2008,107,1,1.0
60,0,2,Oldsmobile,1996,446,0.5,0.0
55,1,8,Chevrolet,1980,161,0.85,1.0
40,0,39,Ford,1983,94,0.7,0.0
39,0,38,Chevrolet,2004,108,0.5,0.0
49,1,1,Toyota,2000,101,0.95,1.0
38,1,6,Subaru,1988,399,1.55,1.0
42,1,1,Cadillac,2009,105,1.4,1.0
42,0,17,Infiniti,2009,126,0.6,0.0
49,0,5,Nissan,2003,107,0.5,0.0
36,0,2,Chevrolet,2006,230,2.45,1.0
34,1,6,Chevrolet,1999,100,0.5,0.0
49,0,25,Volkswagen,1988,125,0.85,1.0
52,1,18,Nissan,2011,94,0.5,0.0
50,1,7,Buick,1989,332,0.6,0.0
53,0,8,Ford,1992,410,0.75,1.0
55,1,18,Dodge,2003,114,0.8,1.0
40,0,3,Mitsubishi,1997,245,0.95,1.0
40,0,3,Chrysler,1999,151,0.55,0.0
45,0,10,Buick,2007,114,0.65,0.0
80,1,5,Mitsubishi,2002,424,0.75,1.0
48,1,20,Ford,1970,126,2.45,1.0
37,1,4,BMW,1993,389,2.45,1.0
40,0,7,Volkswagen,2011,164,0.55,0.0
26,1,13,Nissan,2005,111,1.55,1.0
45,0,1,Acura,2011,415,1.55,1.0
46,0,27,Toyota,1999,82,1,1.0
42,0,5,Chevrolet,1992,435,0.9,1.0
36,0,19,Mercury,2002,157,1.4,1.0
45,0,11,BMW,2000,104,1.4,1.0
52,0,21,Geo,1993,90,0.8,1.0
41,1,36,Chevrolet,2002,123,0.65,0.0
36,0,32,Saab,2008,87,0.55,0.0
56,0,2,BMW,2012,122,0.5,0.0
53,0,9,Maserati,2005,106,0.8,1.0
39,0,8,Audi,2011,179,0.8,1.0
38,0,13,Cadillac,2007,110,0.6,0.0
45,1,17,Chevrolet,1993,102,2.45,1.0
46,0,6,Nissan,2010,101,0.65,0.0
43,1,31,Ford,2008,143,0.65,0.0
54,0,30,Pontiac,2006,124,2.3,1.0
55,1,19,Maybach,2008,98,0.55,0.0
61,0,4,Pontiac,2004,440,2.45,1.0
50,1,20,Mitsubishi,2000,157,0.5,0.0
62,0,25,Dodge,1993,155,1,1.0
53,0,5,Dodge,2011,125,0.65,0.0
52,1,25,Chevrolet,2007,81,0.5,0.0
54,0,7,Chrysler,1994,99,2.45,1.0
53,0,16,Chevrolet,1999,152,1.4,1.0
51,0,21,Nissan,2000,88,0.9,1.0
39,1,22,Ford,2005,157,0.65,0.0
38,0,18,Plymouth,1999,143,0.55,0.0
42,1,15,Buick,2005,103,2.45,1.0
31,0,7,Lincoln,1989,400,0.75,1.0
44,1,10,Honda,2000,138,0.85,1.0
41,0,21,Oldsmobile,2003,102,0.5,0.0
36,0,10,Mazda,2003,112,1.55,1.0
48,0,1,Ford,1999,344,2.3,1.0
49,0,5,Dodge,2012,324,0.85,1.0
45,0,7,Nissan,1998,159,2.3,1.0
47,1,5,Audi,2001,489,0.85,1.0
41,0,5,GMC,2007,107,0.65,0.0
45,0,5,Dodge,2009,114,0.75,1.0
53,0,38,Mazda,2011,159,0.65,0.0
51,0,4,Mercedes-Benz,2005,228,0.65,0.0
51,0,25,Ford,2001,126,0.75,1.0
36,1,28,Pontiac,1962,86,0.6,0.0
43,0,25,Mazda,1997,126,0.6,0.0
43,0,6,Toyota,2011,190,0.9,1.0
53,0,28,Ferrari,2009,81,0.75,1.0
40,1,25,Pontiac,1997,112,0.95,1.0
31,0,17,Mercury,2006,100,1,1.0
32,0,3,Suzuki,2007,498,1.55,1.0
58,0,19,Nissan,1998,127,1.55,1.0
49,1,4,Buick,1989,428,0.7,0.0
50,0,29,GMC,1992,146,1.4,1.0
45,1,5,Audi,2004,159,2.3,1.0
46,0,21,Audi,1993,88,1.4,1.0
47,1,17,Mercury,1985,133,0.85,1.0
43,1,24,Mercedes-Benz,2011,152,0.9,1.0
41,0,39,Chrysler,1993,512,0.75,1.0
48,0,23,BMW,2012,157,0.5,0.0
39,1,15,Suzuki,1999,585,0.95,1.0
49,0,17,Fillmore,1960,82,1.4,1.0
45,0,8,Infiniti,2003,235,0.65,0.0
36,0,26,Chevrolet,1993,118,0.55,0.0
59,0,5,Toyota,2006,236,0.75,1.0
60,1,22,Buick,2012,100,0.7,0.0
49,0,13,Mercedes-Benz,1992,118,0.9,1.0
45,0,6,Mercedes-Benz,1992,451,0.85,1.0
34,1,8,Chevrolet,1996,176,1,1.0
57,1,4,Saab,2006,195,0.8,1.0
33,1,36,Isuzu,2003,140,1,1.0
52,1,5,Buick,1990,180,0.85,1.0
53,0,14,Lotus,2007,84,1.4,1.0
57,0,17,Ford,2001,80,2.3,1.0
37,0,10,GMC,2011,128,0.5,0.0
45,1,23,Toyota,2001,89,2.3,1.0
38,1,13,Mercedes-Benz,1998,121,0.8,1.0
36,0,15,Hyundai,2003,80,0.7,0.0
51,1,6,Land Rover,1994,135,0.5,0.0
39,1,13,Dodge,1993,159,2.3,1.0
51,0,1,Hyundai,2002,286,2.45,1.0
40,0,3,Mercedes-Benz,1998,248,0.75,1.0
54,0,4,Dodge,2011,186,0.75,1.0
34,0,5,Lincoln,2011,94,1.4,1.0
41,0,16,Dodge,2006,149,0.75,1.0
36,1,13,Volkswagen,1988,125,2.3,1.0
55,1,8,Land Rover,2003,100,0.85,1.0
45,0,28,Subaru,2006,134,0.6,0.0
45,1,20,Mercedes-Benz,2003,357,0.5,0.0
50,0,35,Buick,2002,107,1.55,1.0
44,1,22,Dodge,1997,98,0.9,1.0
55,0,35,GMC,2002,111,2.3,1.0
44,1,23,Ford,2005,94,2.3,1.0
50,1,15,BMW,2009,104,0.7,0.0
60,1,12,Acura,2002,148,0.9,1.0
40,1,10,Cadillac,1997,93,0.9,1.0
57,0,13,Honda,2006,112,0.6,0.0
47,1,15,Mercury,1993,119,0.75,1.0
47,1,26,Chevrolet,1992,108,2.3,1.0
64,0,9,Pontiac,1984,158,1.4,1.0
34,1,15,Dodge,1995,128,0.95,1.0
52,0,13,Dodge,2010,106,0.85,1.0
42,1,16,BMW,2004,154,1,1.0
41,1,3,Rolls-Royce,2005,299,0.8,1.0
41,1,12,Ford,1999,90,1.55,1.0
-2147483648,0,5,Nissan,2009,108,0.75,1.0
54,1,4,Toyota,1997,220,1.4,1.0
42,0,7,Toyota,2001,159,0.7,0.0
56,0,5,Isuzu,1994,245,0.95,1.0
50,1,3,Buick,1991,253,2.3,1.0
59,0,13,Honda,2011,96,0.55,0.0
51,0,28,Volvo,2007,150,2.45,1.0
53,1,40,GMC,2010,148,2.3,1.0
35,0,17,Suzuki,1992,159,0.85,1.0
54,0,3,Volvo,2007,118,0.95,1.0
50,0,19,Mazda,1985,143,0.5,0.0
29,0,5,Ford,2004,156,2.3,1.0
32,0,11,Mitsubishi,2011,143,0.8,1.0
57,0,4,Chevrolet,2000,158,1.55,1.0
43,1,3,Chevrolet,1993,185,0.85,1.0
44,0,5,Geo,1997,135,0.85,1.0
38,0,4,Toyota,2003,583,0.95,1.0
37,0,3,Cadillac,2004,376,0.5,0.0
55,0,8,Mercury,1991,361,0.95,1.0
51,0,36,Pontiac,1973,81,0.5,0.0
42,0,11,Ford,2004,119,0.6,0.0
45,0,5,Toyota,2012,118,1.4,1.0
54,1,10,Lincoln,1987,80,0.55,0.0
48,0,6,Pontiac,1994,130,2.45,1.0
54,0,25,Ford,1989,80,1.55,1.0
48,0,9,GMC,2013,111,0.85,1.0
50,1,20,BMW,2010,111,2.45,1.0
25,0,6,Porsche,1999,388,0.75,1.0
55,1,6,Ford,1997,149,1,1.0
35,0,20,Mercedes-Benz,2011,138,2.3,1.0
29,0,3,Buick,1993,495,0.75,1.0
45,1,25,Toyota,1999,111,0.5,0.0
37,0,21,Chevrolet,2012,127,0.9,1.0
56,1,37,Mercedes-Benz,2008,673,1,1.0
45,0,18,Chevrolet,1991,98,0.65,0.0
51,0,21,Saab,2006,143,0.6,0.0
48,0,6,Pontiac,1993,152,0.55,0.0
52,1,14,Pontiac,1985,127,2.3,1.0
40,1,1,Volkswagen,2009,374,0.55,0.0
41,0,18,Acura,2008,136,1.55,1.0
44,1,7,Toyota,2003,141,0.7,0.0
54,1,7,Volvo,2006,102,0.9,1.0
42,1,3,Honda,1989,355,0.6,0.0
50,1,1,Subaru,2005,199,0.5,0.0
38,1,8,Lexus,2010,471,0.7,0.0
36,0,2,Ford,2013,452,0.65,0.0
62,0,19,Audi,1991,141,0.9,1.0
47,1,10,Volvo,2005,145,1.55,1.0
47,0,29,Dodge,2004,111,0.85,1.0
46,1,7,Ford,1997,316,0.7,0.0
42,1,4,Ford,1985,95,0.65,0.0
44,0,19,Dodge,2010,85,2.45,1.0
36,0,31,Lexus,1996,135,0.95,1.0
33,1,10,Lexus,2010,122,1.4,1.0
35,0,7,Acura,2005,300,0.5,0.0
43,0,9,Chevrolet,1973,123,0.8,1.0
45,1,14,Pontiac,1987,93,2.45,1.0
55,1,32,Chevrolet,2006,104,0.5,0.0
27,1,15,Mazda,1995,129,0.65,0.0
41,0,19,McLaren,2012,147,0.95,1.0
40,0,14,GMC,2011,86,0.85,1.0
43,0,5,Acura,2011,245,0.8,1.0
42,0,24,Subaru,1997,622,0.95,1.0
57,0,1,GMC,2010,219,1.4,1.0
56,0,14,Mitsubishi,2002,138,0.6,0.0
64,1,2,Toyota,2009,233,2.3,1.0
32,0,14,Nissan,2005,120,2.3,1.0
39,0,25,Subaru,2007,94,0.8,1.0
37,0,14,Toyota,1997,150,0.5,0.0
45,0,18,Aptera,2010,112,1.55,1.0
39,1,37,Aston Martin,2011,140,2.45,1.0
32,0,20,Volkswagen,2006,120,2.45,1.0
44,1,18,Ford,2001,99,1.4,1.0
39,0,6,Hyundai,2006,656,1,1.0
41,0,15,Honda,2002,85,0.7,0.0
35,1,25,Mercedes-Benz,2009,148,0.95,1.0
64,0,5,Chevrolet,2006,276,1,1.0
46,1,6,GMC,1997,91,1,1.0
59,0,6,Audi,1990,88,0.9,1.0
39,1,21,Ford,1998,121,2.3,1.0
44,1,18,Audi,2002,109,2.45,1.0
40,0,11,Volvo,2011,120,1.55,1.0
43,0,21,Volkswagen,2002,133,2.45,1.0
48,0,36,BMW,2006,141,1.55,1.0
38,0,5,Honda,2006,100,0.8,1.0
48,1,23,Mazda,2003,678,0.85,1.0
60,0,6,Audi,1987,423,2.45,1.0
59,1,1,Ford,2002,169,0.65,0.0
43,0,7,Ford,2006,472,0.55,0.0
43,0,3,Cadillac,2009,258,0.75,1.0
64,0,22,Ford,1983,91,0.55,0.0
55,0,2,Mitsubishi,1992,326,1.4,1.0
35,0,8,Mazda,2011,91,1.4,1.0
54,1,8,Oldsmobile,1994,296,2.45,1.0
35,0,3,Mazda,1988,125,0.65,0.0
46,1,16,Bentley,2006,124,0.95,1.0
26,0,5,Toyota,2003,210,1,1.0
43,1,13,Buick,1993,106,1,1.0
43,0,5,Chevrolet,2001,219,1.55,1.0
54,0,2,Chevrolet,2011,155,0.55,0.0
55,1,6,Geo,1995,141,1.4,1.0
45,1,1,BMW,2006,209,0.65,0.0
42,1,7,Toyota,2003,104,0.95,1.0
46,1,6,Chevrolet,1999,197,0.7,0.0
47,1,7,Chrysler,2011,308,0.5,0.0
45,0,7,Aston Martin,2008,217,0.65,0.0
55,0,1,Honda,2009,199,1,1.0
43,0,8,GMC,2006,149,0.9,1.0
53,1,6,Toyota,2007,539,2.3,1.0
49,0,30,Ford,2011,135,1,1.0
30,0,7,Ford,2012,530,0.6,0.0
47,0,19,Jeep,2010,157,0.6,0.0
41,0,3,Acura,2006,497,0.85,1.0
49,1,8,Chevrolet,2012,402,0.95,1.0
44,0,17,Pontiac,1989,149,0.95,1.0
31,0,24,Cadillac,2004,100,1,1.0
51,0,4,Mercedes-Benz,1992,353,0.6,0.0
50,1,37,Ford,1989,676,1.4,1.0
58,1,15,Chevrolet,2008,136,1.55,1.0
56,1,5,Lamborghini,2006,137,0.9,1.0
41,0,10,Nissan,1990,153,1.55,1.0
37,1,12,Bentley,2010,138,0.5,0.0
57,0,5,Chevrolet,1967,92,0.9,1.0
37,0,5,GMC,2010,420,0.9,1.0
34,0,10,Lexus,1998,106,0.9,1.0
49,1,31,Acura,1988,142,0.7,0.0
42,0,22,Honda,2006,144,0.8,1.0
38,1,7,Chrysler,2005,321,0.75,1.0
55,1,32,Suzuki,1992,103,0.5,0.0
37,0,18,Chevrolet,2010,134,2.45,1.0
25,1,14,Mercedes-Benz,2007,108,0.75,1.0
44,1,13,Pontiac,2010,81,2.3,1.0
20,0,10,Cadillac,2010,101,0.95,1.0
40,0,37,Ford,2010,107,1.55,1.0
32,1,8,Volvo,1998,124,0.5,0.0
35,0,11,Honda,2011,114,1.4,1.0
37,1,35,Pontiac,1987,643,1.4,1.0
58,1,7,Suzuki,2004,123,0.95,1.0
40,1,6,Cadillac,2002,265,0.95,1.0
54,0,9,Porsche,1988,158,2.45,1.0
39,1,6,Ford,1997,359,0.85,1.0
49,1,5,Lexus,2008,343,1.4,1.0
48,0,10,Audi,2001,124,0.8,1.0
42,1,16,Mercedes-Benz,2005,156,0.55,0.0
37,0,5,Audi,2012,507,2.45,1.0
56,0,1,Subaru,2011,289,0.65,0.0
48,1,8,Ford,1990,134,0.85,1.0
21,0,35,Dodge,1992,116,0.65,0.0
33,1,13,Saab,2002,125,0.95,1.0
38,0,15,Infiniti,2012,132,0.6,0.0
33,1,17,Mitsubishi,1992,138,0.7,0.0
51,1,7,Mazda,1998,126,0.75,1.0
45,1,5,Mercury,2004,161,0.75,1.0
40,0,1,Suzuki,1992,124,0.9,1.0
58,1,39,Isuzu,2008,152,0.9,1.0
50,1,6,Mazda,2006,97,1.55,1.0
39,1,8,Mercury,2010,158,2.3,1.0
50,1,5,Volkswagen,1994,106,0.6,0.0
39,0,4,Kia,1997,423,2.45,1.0
19,0,8,Bentley,2012,125,0.9,1.0
49,1,2,Subaru,2007,244,0.8,1.0
33,0,10,Chrysler,2003,98,1.55,1.0
43,1,37,Suzuki,2010,86,0.75,1.0
48,1,5,Chevrolet,1998,119,0.55,0.0
45,1,25,Cadillac,1996,128,0.95,1.0
39,1,2,Chevrolet,2001,459,2.3,1.0
32,1,12,Chrysler,2000,101,2.45,1.0
45,1,1,Cadillac,2007,245,0.75,1.0
46,0,2,Cadillac,2010,396,2.45,1.0
53,0,31,Ford,2010,92,1.55,1.0
63,0,34,Hyundai,2002,116,0.55,0.0
51,0,4,Chevrolet,2001,217,2.45,1.0
36,0,2,Ford,1988,300,0.8,1.0
72,0,1,Nissan,1992,271,0.85,1.0
51,1,18,Jaguar,2009,97,0.5,0.0
39,0,21,GMC,2007,137,0.85,1.0
34,0,2,Isuzu,1998,343,0.6,0.0
53,1,7,Mitsubishi,1989,93,0.9,1.0
45,1,2,GMC,1998,459,0.8,1.0
36,0,7,Eagle,1991,489,2.45,1.0
36,0,7,Acura,1989,128,0.85,1.0
32,1,28,Toyota,2012,108,0.6,0.0
43,1,2,Porsche,2013,253,2.3,1.0
54,0,22,Chevrolet,1996,125,0.55,0.0
57,1,3,Chevrolet,2005,447,0.5,0.0
47,0,3,Chevrolet,2008,111,1.55,1.0
36,0,23,Oldsmobile,1999,155,1,1.0
43,0,4,Lamborghini,1986,412,0.6,0.0
46,0,38,Pontiac,2000,619,1,1.0
41,0,5,Nissan,2010,420,0.65,0.0
55,1,38,Isuzu,2000,520,2.3,1.0
63,0,4,Volkswagen,1997,194,0.65,0.0
45,0,3,Cadillac,1992,171,0.95,1.0
35,1,16,Infiniti,2006,124,0.65,0.0
60,0,14,Scion,2011,142,1.4,1.0
51,0,23,Ford,2007,116,0.65,0.0
43,0,14,Pontiac,1971,146,0.75,1.0
39,1,12,Mercedes-Benz,2001,80,0.75,1.0
33,0,8,Buick,1990,409,2.3,1.0
37,0,20,Mercury,1993,122,0.8,1.0
39,0,28,Chevrolet,2011,97,0.85,1.0
43,1,14,Ford,1994,106,1,1.0
48,1,3,Ford,1992,117,2.3,1.0
45,1,2,Maserati,2011,201,0.7,0.0
56,0,9,Audi,1985,116,0.6,0.0
37,1,39,Suzuki,1998,534,0.7,0.0
40,0,18,Lexus,2013,157,1.4,1.0
51,1,7,Lexus,2011,386,1.4,1.0
42,0,30,Ford,1985,457,2.45,1.0
41,1,14,Dodge,1993,116,0.9,1.0
46,1,14,Ford,2010,633,0.8,1.0
35,1,4,Hyundai,1997,147,1,1.0
43,0,6,Acura,1992,271,0.95,1.0
64,0,15,Land Rover,2009,160,2.3,1.0
46,1,27,Ford,2010,158,0.75,1.0
39,1,9,Acura,1994,143,0.85,1.0
69,1,4,Dodge,2010,173,0.8,1.0
35,0,5,Ford,1995,338,0.9,1.0
44,1,32,MINI,2006,361,0.5,0.0
44,1,7,GMC,1994,97,2.3,1.0
39,0,7,Buick,1979,380,0.95,1.0
56,0,6,Suzuki,2003,328,2.3,1.0
59,1,6,Maybach,2012,228,2.3,1.0
41,1,5,Lexus,2012,166,0.75,1.0
57,0,3,Ford,1997,159,1.55,1.0
43,1,3,Pontiac,2005,154,2.45,1.0
42,1,5,Honda,2009,163,0.75,1.0
52,1,24,Volkswagen,2010,126,1.55,1.0
46,1,7,Ford,1991,98,1.4,1.0
51,1,25,Infiniti,2006,104,0.6,0.0
43,0,3,Toyota,2009,173,1,1.0
52,0,3,Mercedes-Benz,1988,677,0.85,1.0
43,0,5,Mercedes-Benz,2008,533,2.3,1.0
47,0,36,Dodge,2012,81,0.95,1.0
44,0,3,Hummer,2004,280,0.6,0.0
48,1,20,Subaru,1997,130,2.45,1.0
33,0,30,Mitsubishi,1986,154,0.9,1.0
41,0,5,Subaru,1994,411,0.65,0.0
49,0,37,Maybach,2005,449,0.65,0.0
50,0,5,Toyota,1994,274,1,1.0
42,1,19,Aston Martin,2010,146,0.5,0.0
33,0,2,GMC,2004,175,2.3,1.0
42,0,17,Ram,2011,122,0.75,1.0
41,0,1,Chrysler,2007,475,2.3,1.0
40,0,1,Oldsmobile,2000,378,0.5,0.0
51,0,5,Infiniti,2002,251,1,1.0
57,1,8,Volkswagen,1995,425,0.95,1.0
42,1,16,Hyundai,2003,159,0.95,1.0
46,0,35,Eagle,1992,142,0.85,1.0
56,0,5,Chevrolet,1979,496,2.3,1.0
52,0,7,Mazda,2011,401,0.6,0.0
38,0,5,Dodge,2000,358,0.75,1.0
43,1,35,GMC,2002,141,0.6,0.0
40,0,22,Lexus,2013,140,1.4,1.0
54,0,5,Subaru,2010,194,0.5,0.0
51,1,18,Ford,1989,91,2.3,1.0
27,1,4,Land Rover,1992,198,0.85,1.0
56,0,7,Mercury,1988,138,1.55,1.0
48,1,1,Honda,2010,166,0.6,0.0
47,1,3,Maybach,2011,136,1,1.0
38,1,30,Ford,2002,149,1.4,1.0
27,0,5,Audi,1992,338,0.6,0.0
33,0,8,Volvo,2012,137,0.95,1.0
42,0,6,GMC,2010,115,1,1.0
55,0,23,Volkswagen,1990,156,0.55,0.0
50,1,2,Jaguar,2002,284,0.75,1.0
48,1,5,Audi,2012,107,2.45,1.0
33,0,16,Toyota,2000,82,0.8,1.0
53,0,1,Nissan,2012,282,1.55,1.0
58,0,20,Infiniti,2012,149,0.9,1.0
43,1,18,Infiniti,2009,151,2.3,1.0
49,1,4,Dodge,1992,202,0.6,0.0
40,0,2,Volvo,1999,382,1.55,1.0
54,0,11,Volkswagen,2008,103,2.3,1.0
38,1,10,Nissan,1995,83,0.65,0.0
49,1,7,Hyundai,2003,358,0.5,0.0
39,0,5,Buick,1994,314,0.65,0.0
37,0,14,Acura,1997,126,2.45,1.0
27,0,18,Mazda,1993,140,0.65,0.0
48,1,17,Mitsubishi,1988,102,0.65,0.0
47,1,25,Acura,1999,274,0.95,1.0
38,0,11,BMW,2011,121,0.75,1.0
44,0,5,GMC,2007,141,2.3,1.0
44,0,3,Porsche,2004,258,2.45,1.0
46,1,17,BMW,2005,149,0.6,0.0
50,0,28,Chevrolet,2008,140,0.95,1.0
37,1,17,Nissan,2003,107,0.65,0.0
24,0,6,Pontiac,2008,141,0.7,0.0
37,1,12,Mercury,2001,142,2.3,1.0
38,0,1,Chevrolet,1996,177,2.3,1.0
43,0,2,Subaru,1995,444,1,1.0
46,0,5,Mercedes-Benz,1993,98,0.5,0.0
36,0,4,Volkswagen,2000,481,0.5,0.0
50,1,39,BMW,2001,591,0.65,0.0
31,1,3,Chevrolet,2012,402,0.6,0.0
47,1,3,Chevrolet,2011,133,0.8,1.0
42,0,18,Lexus,2012,107,0.85,1.0
44,1,7,GMC,2009,99,2.45,1.0
59,0,9,Cadillac,1998,109,1,1.0
40,1,5,Porsche,2007,157,1.4,1.0
31,0,18,Chevrolet,2003,150,0.5,0.0
40,1,15,Hyundai,2000,95,1.4,1.0
36,0,5,Subaru,1999,136,0.6,0.0
54,0,31,Mazda,2011,106,0.6,0.0
45,1,20,Nissan,2005,122,1.55,1.0
58,1,39,Mercedes-Benz,1993,691,0.85,1.0
39,0,20,Mazda,2000,93,0.65,0.0
46,0,5,Maybach,2009,398,1.55,1.0
32,1,6,Ford,1985,470,0.65,0.0
57,1,21,Dodge,1994,116,0.75,1.0
47,0,8,Dodge,1997,349,1.4,1.0
44,1,25,Chevrolet,1996,140,0.65,0.0
44,1,28,Dodge,1999,122,0.95,1.0
46,1,11,GMC,2002,110,0.75,1.0
55,1,5,Chevrolet,2000,130,1,1.0
52,0,19,BMW,2010,117,0.7,0.0
43,0,23,Dodge,2009,114,1.4,1.0
52,1,5,GMC,1995,109,1.55,1.0
51,0,3,Lotus,1986,159,0.55,0.0
47,1,10,Volvo,2013,117,2.45,1.0
52,0,17,Pontiac,1989,151,0.75,1.0
34,0,4,Chevrolet,1960,260,0.8,1.0
41,0,16,Dodge,2008,81,1.4,1.0
48,0,21,Chevrolet,1994,144,2.3,1.0
67,1,5,Ford,1997,176,0.6,0.0
43,1,6,Oldsmobile,1996,80,0.95,1.0
36,0,1,Plymouth,1993,365,0.7,0.0
58,0,1,Smart,2011,326,1.55,1.0
37,0,25,Chevrolet,2002,152,1.55,1.0
44,1,2,Chevrolet,2010,416,0.9,1.0
51,1,19,Audi,1985,133,2.45,1.0
28,0,19,Eagle,1993,152,0.8,1.0
50,1,10,Toyota,2003,141,0.95,1.0
44,1,8,Ford,2003,360,0.55,0.0
52,1,3,Hyundai,2009,462,1.4,1.0
41,1,21,Porsche,1991,135,0.55,0.0
42,0,17,Infiniti,2004,114,2.45,1.0
37,0,19,GMC,2010,105,0.85,1.0
58,1,14,Dodge,1999,92,0.9,1.0
32,1,20,Mercedes-Benz,1997,450,0.65,0.0
38,1,21,Dodge,2001,122,2.45,1.0
42,1,6,Volkswagen,2002,313,2.3,1.0
42,0,8,Jaguar,2011,324,0.7,0.0
44,0,22,Mitsubishi,2006,157,2.3,1.0
46,1,6,Ford,2010,203,0.6,0.0
44,0,7,Kia,2011,362,0.6,0.0
37,0,40,Toyota,2009,113,0.8,1.0
45,1,2,Volvo,2003,136,0.8,1.0
48,0,5,Ford,1985,324,0.5,0.0
72,0,1,BMW,1999,228,2.3,1.0
52,1,2,Ford,2012,432,0.7,0.0
48,0,20,Chevrolet,1996,159,0.65,0.0
40,0,13,Mitsubishi,2003,132,1.4,1.0
49,0,7,Ford,1988,478,1.55,1.0
62,0,19,Honda,1996,139,0.55,0.0
45,0,2,Ford,1970,297,0.7,0.0
32,0,4,Ford,1999,142,0.8,1.0
42,0,25,Acura,2001,127,0.9,1.0
33,0,16,BMW,2004,142,0.8,1.0
43,0,25,Toyota,2009,124,0.8,1.0
57,0,2,Ford,2005,158,1.4,1.0
22,0,2,Lexus,2002,696,0.8,1.0
53,1,5,Toyota,2012,134,0.55,0.0
43,1,1,Volkswagen,1992,110,1.55,1.0
47,0,2,GMC,1994,98,2.45,1.0
44,1,4,Toyota,1992,168,0.85,1.0
50,1,12,Chevrolet,1987,88,0.75,1.0
48,0,15,Peugeot,2007,160,0.8,1.0
42,0,16,Mazda,1996,129,0.85,1.0
51,1,17,Acura,1998,141,1,1.0
32,1,38,Dodge,2007,453,1.55,1.0
50,1,7,Buick,1993,208,0.55,0.0
52,0,19,Buick,1984,130,0.5,0.0
41,1,34,Mazda,2009,84,0.9,1.0
39,0,17,Land Rover,1997,87,0.85,1.0
27,0,2,Ford,1997,272,1.55,1.0
53,1,10,Ford,2002,89,0.7,0.0
48,0,2,Mercury,2009,227,0.6,0.0
52,0,16,Infiniti,1996,113,0.7,0.0
38,1,5,Mercedes-Benz,2002,334,0.55,0.0
53,1,18,Jeep,2012,121,0.7,0.0
40,0,32,Buick,1994,158,0.9,1.0
49,0,1,Fiat,2012,222,0.95,1.0
59,1,1,Isuzu,2007,277,1.55,1.0
34,0,5,Buick,1990,324,1.55,1.0
52,1,13,Hillman,1950,90,1,1.0
35,0,3,GMC,2008,169,0.6,0.0
46,0,40,Cadillac,2002,139,1.55,1.0
56,0,36,Toyota,1992,118,0.55,0.0
48,0,5,Ford,2005,134,0.5,0.0
36,1,13,Audi,2009,154,0.8,1.0
30,0,28,GMC,2010,136,0.55,0.0
62,1,3,Suzuki,2008,252,2.45,1.0
50,1,27,Subaru,2010,97,0.6,0.0
55,1,6,Chevrolet,1993,168,0.95,1.0
52,0,9,Mercedes-Benz,1990,138,0.8,1.0
59,1,2,Toyota,2009,162,1,1.0
33,0,26,Volkswagen,2004,84,0.95,1.0
46,0,2,Lincoln,2010,408,0.5,0.0
46,0,3,Volvo,2010,100,0.5,0.0
24,0,5,Hyundai,2013,442,0.9,1.0
55,0,20,Volkswagen,2012,92,0.95,1.0
48,1,17,Maserati,2002,84,0.5,0.0
42,1,6,Lexus,2004,452,0.8,1.0
50,1,6,Ford,1989,107,0.9,1.0
33,0,5,Hummer,2008,166,0.7,0.0
56,0,1,Ford,2005,697,0.65,0.0
49,1,4,Ford,2002,104,0.9,1.0
53,0,17,Suzuki,1996,130,1.4,1.0
52,1,1,Dodge,1995,348,2.3,1.0
60,1,36,BMW,2003,80,0.55,0.0
49,1,7,Saab,1994,122,1.55,1.0
21,0,11,Jeep,2010,88,1,1.0
50,1,10,Infiniti,2011,133,0.95,1.0
30,0,2,Audi,1999,173,2.3,1.0
36,1,1,Buick,1992,411,0.75,1.0
30,1,7,Saturn,2005,357,0.65,0.0
53,1,31,Chevrolet,1996,95,1.55,1.0
49,1,22,Lincoln,1992,104,1.55,1.0
62,1,23,Pontiac,1969,102,0.85,1.0
38,0,12,Mazda,2011,100,0.5,0.0
59,0,14,Mercedes-Benz,1992,155,0.55,0.0
53,0,7,Studebaker,1961,197,0.95,1.0
46,1,18,Chevrolet,2007,130,2.45,1.0
30,1,6,Mitsubishi,2002,163,1.55,1.0
42,1,2,Lamborghini,2006,194,0.8,1.0
49,1,3,Honda,2012,487,0.9,1.0
57,0,6,Toyota,2004,96,0.65,0.0
46,0,3,Cadillac,1992,404,0.55,0.0
43,1,28,Audi,1991,118,1.55,1.0
50,1,17,Pontiac,2005,100,0.65,0.0
42,0,24,Subaru,2003,124,2.3,1.0
42,0,1,Ford,2012,123,0.75,1.0
48,1,1,Audi,2002,227,0.5,0.0
38,0,4,Jaguar,1994,253,2.45,1.0
53,1,8,Subaru,2001,88,0.85,1.0
56,0,14,Mazda,2012,142,0.65,0.0
51,0,2,Mercury,1992,471,0.7,0.0
43,0,17,Mazda,2007,140,0.95,1.0
52,1,7,Lincoln,2007,240,0.75,1.0
42,0,11,Dodge,2009,82,0.6,0.0
32,0,1,Mitsubishi,2001,244,0.95,1.0
42,1,38,Audi,1993,145,2.45,1.0
27,1,17,Studebaker,1964,132,0.9,1.0
38,0,25,Porsche,1990,118,1.4,1.0
46,0,16,Honda,2001,153,2.3,1.0
38,1,4,Buick,1998,406,0.65,0.0
41,0,6,Ford,1999,443,0.5,0.0
41,0,8,Buick,1995,172,1.4,1.0
42,1,5,Lotus,1989,489,0.55,0.0
37,1,18,Ford,1966,96,0.5,0.0
26,0,13,Ford,2009,144,0.65,0.0
47,0,5,Nissan,2008,149,0.6,0.0
44,0,16,GMC,1995,95,0.85,1.0
55,0,25,Dodge,1992,81,0.85,1.0
39,1,20,Land Rover,1986,87,0.75,1.0
56,0,6,Chrysler,2000,139,0.9,1.0
48,0,16,Acura,1997,109,0.5,0.0
45,0,20,Cadillac,2008,522,1,1.0
50,0,25,Mercedes-Benz,2011,118,2.3,1.0
56,1,2,Honda,1999,228,0.5,0.0
51,1,15,Chrysler,2007,104,0.6,0.0
36,0,6,Jaguar,2006,172,2.3,1.0
31,1,16,Audi,1992,156,1.55,1.0
40,1,20,BMW,2007,114,0.55,0.0
44,1,20,Subaru,2010,117,0.95,1.0
54,0,10,Toyota,2008,95,0.6,0.0
33,0,19,Chevrolet,2006,120,0.55,0.0
54,0,20,Buick,2005,121,0.5,0.0
40,1,16,Hyundai,2002,160,0.9,1.0
38,0,5,GMC,2000,241,1.55,1.0
58,1,17,Mercury,1984,138,2.45,1.0
42,0,18,Mercedes-Benz,2012,149,1.55,1.0
43,1,7,Toyota,1982,486,1.55,1.0
41,0,1,Maserati,1989,138,0.75,1.0
45,0,38,Chevrolet,1996,138,0.8,1.0
53,1,10,Aston Martin,2012,157,0.5,0.0
53,1,22,BMW,1997,89,0.7,0.0
30,0,1,Volkswagen,2012,548,0.55,0.0
32,1,1,Nissan,2012,409,1,1.0
50,0,6,Audi,2001,195,0.85,1.0
42,0,9,Mitsubishi,2001,138,0.7,0.0
42,0,32,Chrysler,2004,130,0.7,0.0
41,0,16,Dodge,1993,159,2.45,1.0
39,0,11,Toyota,2010,104,0.8,1.0
27,0,26,Ford,1983,124,0.75,1.0
43,1,15,Ford,1997,91,1.4,1.0
45,0,16,Jaguar,2004,105,0.7,0.0
43,0,32,Ford,1992,124,0.65,0.0
33,1,26,Ford,1996,142,0.95,1.0
48,0,4,Dodge,2001,114,0.95,1.0
52,1,6,Honda,2006,394,2.45,1.0
47,0,1,GMC,1997,275,0.65,0.0
55,1,20,Ford,2008,118,0.65,0.0
51,0,7,GMC,2008,489,1,1.0
47,1,22,Toyota,1995,621,0.95,1.0
28,1,29,Citroën,1948,122,2.45,1.0
51,0,7,Ford,1979,96,1,1.0
42,1,1,Pontiac,2001,318,1.55,1.0
47,1,1,Maserati,2010,620,2.45,1.0
40,1,24,Dodge,2004,92,0.5,0.0
30,1,32,Dodge,1996,113,0.8,1.0
53,1,5,Ford,1997,126,1,1.0
33,0,1,Geo,1992,143,0.6,0.0
42,0,30,Honda,2010,127,2.45,1.0
53,1,13,Chrysler,1994,85,1.55,1.0
43,0,2,GMC,1995,180,0.65,0.0
36,1,16,Mazda,1990,158,1,1.0
38,0,15,Isuzu,1996,97,1.55,1.0
41,0,7,Dodge,1998,170,1,1.0
38,1,8,Ford,1989,298,2.45,1.0
36,0,22,Kia,2009,140,1.55,1.0
28,0,39,Honda,2012,155,0.95,1.0
35,0,25,Pontiac,1983,157,0.95,1.0
51,1,30,Toyota,2001,130,0.5,0.0
56,1,8,Mazda,1985,383,1.55,1.0
47,0,39,Audi,1998,118,1,1.0
46,0,23,Mitsubishi,2007,117,2.45,1.0
43,1,5,GMC,1996,278,0.75,1.0
53,0,12,Lincoln,1987,122,0.6,0.0
37,0,5,Land Rover,2002,181,0.75,1.0
46,0,22,Lincoln,2008,141,0.9,1.0
57,0,21,Chevrolet,2009,128,1.4,1.0
37,1,10,Toyota,1992,144,0.65,0.0
47,0,3,Chevrolet,1993,147,2.45,1.0
55,0,8,Toyota,1998,127,2.3,1.0
50,1,5,Subaru,1991,129,0.5,0.0
55,0,15,Hyundai,2010,84,0.95,1.0
40,0,10,Pontiac,1989,120,1.4,1.0
47,0,25,Subaru,1994,91,2.45,1.0
37,0,40,GMC,1994,146,2.3,1.0
34,1,6,Lexus,2010,316,0.95,1.0
44,1,10,Acura,2000,132,2.45,1.0
53,1,20,Spyker,2006,108,1,1.0
37,1,5,Audi,1990,253,0.8,1.0
38,1,3,GMC,2002,89,0.6,0.0
53,0,12,BMW,2007,104,0.95,1.0
56,0,37,Mitsubishi,1994,147,0.8,1.0
52,1,16,Lamborghini,1996,112,0.8,1.0
39,1,22,BMW,2013,134,2.3,1.0
58,0,36,Volkswagen,1993,133,1.55,1.0
43,1,8,Chrysler,2007,364,0.85,1.0
42,0,5,Cadillac,1992,483,0.5,0.0
52,0,25,Subaru,1996,80,0.6,0.0
45,0,39,Mazda,1997,99,0.9,1.0
41,1,8,Volvo,2004,191,2.3,1.0
39,0,18,Dodge,1996,111,0.85,1.0
47,0,21,Volkswagen,1998,96,1,1.0
46,1,12,Mazda,2013,635,2.3,1.0
34,0,3,Volvo,2010,153,0.75,1.0
28,1,26,Infiniti,2012,244,0.9,1.0
37,1,1,Mitsubishi,1994,96,0.65,0.0
46,0,3,Buick,1989,209,0.5,0.0
30,1,28,Pontiac,1965,106,0.75,1.0
49,0,29,Cadillac,2011,95,1.55,1.0
46,0,7,Saab,2008,176,1.4,1.0
41,1,18,Nissan,2000,97,2.3,1.0
57,0,8,Ford,1967,159,0.55,0.0
40,0,14,GMC,2011,136,0.75,1.0
36,0,13,Pontiac,1995,105,1.4,1.0
47,0,16,Lincoln,1987,514,0.85,1.0
53,0,39,Chevrolet,1999,104,0.55,0.0
39,0,1,Infiniti,2003,195,1,1.0
28,1,4,GMC,2004,202,0.9,1.0
46,1,4,Chevrolet,2003,179,0.65,0.0
38,1,7,BMW,1994,179,1,1.0
53,1,10,Chevrolet,1993,129,0.85,1.0
48,0,20,Mazda,2002,126,0.65,0.0
53,1,5,Audi,1984,128,2.3,1.0
48,0,3,GMC,2001,171,0.8,1.0
39,0,13,Mitsubishi,2003,128,0.55,0.0
44,0,15,Ford,1994,94,0.5,0.0
38,0,5,Dodge,2004,357,0.5,0.0
30,0,20,Chevrolet,2011,151,0.65,0.0
44,0,12,Mazda,2009,160,2.45,1.0
44,1,25,Subaru,1994,151,2.45,1.0
37,1,16,Suzuki,2011,127,0.55,0.0
24,0,24,Audi,2011,142,0.85,1.0
44,0,5,GMC,1996,323,2.3,1.0
57,1,7,Kia,2006,133,0.5,0.0
52,0,15,GMC,1999,152,0.65,0.0
55,0,22,Ford,1995,87,0.8,1.0
49,1,3,BMW,1992,114,0.85,1.0
54,1,14,Hyundai,2003,91,0.65,0.0
55,1,15,Volkswagen,2010,88,2.3,1.0
41,0,15,Chevrolet,1972,139,0.5,0.0
52,0,18,Isuzu,1995,141,0.5,0.0
51,0,30,Saturn,2004,85,0.8,1.0
51,0,24,Lexus,1994,94,2.3,1.0
57,1,7,Lotus,1993,186,0.85,1.0
48,1,25,Ford,1985,83,0.95,1.0
48,0,22,Chrysler,2008,97,1.4,1.0
48,0,17,Chevrolet,1965,124,0.95,1.0
45,1,4,Volvo,2002,183,1.4,1.0
51,0,5,Suzuki,1984,296,0.6,0.0
53,1,4,Kia,2009,208,0.7,0.0
43,1,20,Mitsubishi,2009,110,0.6,0.0
46,0,20,Subaru,2006,115,2.45,1.0
54,1,17,Ford,1995,120,2.3,1.0
31,0,6,Plymouth,1993,369,1,1.0
47,0,1,MINI,2012,407,0.8,1.0
51,0,13,Mitsubishi,2009,138,1.55,1.0
47,1,3,Chevrolet,2006,144,2.45,1.0
38,1,6,Volkswagen,1997,259,1.55,1.0
55,0,5,Audi,1998,111,1.4,1.0
47,1,17,Dodge,2008,159,0.9,1.0
45,1,16,BMW,1996,157,1.55,1.0
52,0,5,Chrysler,2009,141,0.7,0.0
48,0,7,Dodge,1995,266,2.45,1.0
50,1,14,Subaru,1988,154,0.9,1.0
41,0,14,Ford,2006,86,0.9,1.0
47,0,13,Mercury,2008,146,0.95,1.0
27,0,20,Lamborghini,2001,135,1.55,1.0
42,1,16,BMW,2010,101,0.65,0.0
42,0,30,Pontiac,1991,140,0.95,1.0
25,1,5,Hyundai,1992,135,0.5,0.0
32,1,13,Audi,2009,115,0.7,0.0
34,0,12,Toyota,2004,80,0.5,0.0
46,0,12,Toyota,1997,298,0.7,0.0
36,0,19,Mitsubishi,1994,89,0.6,0.0
44,0,3,Ford,1995,197,1,1.0
49,1,5,Suzuki,2005,426,0.55,0.0
41,0,25,Hyundai,2006,158,2.3,1.0
46,0,5,Chevrolet,1999,247,0.65,0.0
54,0,10,Hyundai,2010,93,1,1.0
46,0,13,Buick,1995,158,2.3,1.0
46,0,22,Mercedes-Benz,2003,143,0.6,0.0
40,1,16,Mitsubishi,1991,148,0.9,1.0
50,0,5,Buick,1987,114,0.7,0.0
43,0,3,Buick,1989,98,0.7,0.0
33,0,7,Buick,2010,254,0.6,0.0
45,1,22,Volkswagen,1995,145,0.85,1.0
36,1,3,Pontiac,2003,826,0.65,0.0
50,1,24,Acura,2001,135,0.65,0.0
47,1,17,Suzuki,2008,118,0.85,1.0
44,0,17,GMC,2009,84,2.3,1.0
46,1,5,Kia,2007,162,0.65,0.0
35,0,2,Chrysler,1996,329,0.85,1.0
47,1,40,Cadillac,2012,155,0.5,0.0
59,1,30,GMC,2010,155,2.3,1.0
37,0,10,Mazda,2009,87,0.85,1.0
41,0,3,Mercury,1988,455,0.6,0.0
43,0,6,GMC,2010,341,0.55,0.0
30,1,5,Volkswagen,1999,141,2.3,1.0
46,0,5,Mercury,2004,218,0.95,1.0
56,0,21,Dodge,2009,154,0.65,0.0
43,1,20,Subaru,2005,122,0.6,0.0
50,0,10,Nissan,2008,96,2.3,1.0
40,1,19,Land Rover,1998,141,0.95,1.0
49,1,9,Pontiac,2003,89,2.3,1.0
40,0,8,Daewoo,2000,289,1,1.0
51,1,22,Land Rover,2008,86,0.75,1.0
40,0,7,GMC,1994,203,0.7,0.0
38,0,20,BMW,1993,124,0.9,1.0
33,1,14,Hummer,2006,127,0.95,1.0
36,0,4,BMW,2007,394,0.75,1.0
37,1,1,Mercury,2009,454,0.75,1.0
35,0,20,Volkswagen,1985,82,0.85,1.0
26,0,30,BMW,2009,132,2.3,1.0
42,0,15,Toyota,2010,102,1.55,1.0
35,0,39,Pontiac,1991,102,0.75,1.0
55,0,13,Volkswagen,1990,144,0.75,1.0
48,1,31,Buick,2000,140,0.9,1.0
49,0,20,Ford,2012,157,0.9,1.0
37,0,17,Oldsmobile,1997,117,0.6,0.0
48,1,17,Aptera,2009,160,0.85,1.0
30,1,1,GMC,1994,245,0.7,0.0
55,0,9,GMC,1993,147,0.6,0.0
43,1,32,Nissan,2012,126,0.65,0.0
62,1,6,Lincoln,2007,398,0.65,0.0
42,1,5,Aston Martin,2009,177,2.3,1.0
54,0,10,Buick,2007,152,0.9,1.0
47,1,10,Lexus,2012,81,0.8,1.0
36,1,10,Chevrolet,2011,137,1.4,1.0
44,0,7,Porsche,2008,110,0.75,1.0
39,1,22,Buick,1986,107,0.9,1.0
48,1,21,Mercedes-Benz,2002,191,0.85,1.0
31,1,14,Dodge,2001,157,0.6,0.0
40,0,15,Acura,1998,130,0.7,0.0
40,1,16,Maserati,1989,87,0.55,0.0
39,0,14,Volvo,2009,100,0.75,1.0
33,0,17,Toyota,2007,142,0.85,1.0
37,0,5,BMW,1998,149,0.95,1.0
51,1,8,Pontiac,1995,89,0.65,0.0
35,1,5,Jensen,1967,158,0.6,0.0
54,0,19,Nissan,2001,84,0.75,1.0
36,1,3,Volvo,1999,378,0.65,0.0
48,0,31,Honda,2012,112,0.7,0.0
53,0,36,Buick,1987,97,1.4,1.0
38,1,19,Hillman,1950,110,0.8,1.0
48,1,6,GMC,2008,160,2.45,1.0
41,1,3,Cadillac,2011,441,0.55,0.0
44,1,1,Volkswagen,2006,236,0.7,0.0
48,1,5,Volvo,2001,346,0.55,0.0
38,0,15,Isuzu,2001,133,2.45,1.0
32,0,35,Hyundai,2012,151,2.45,1.0
45,0,29,Chevrolet,2002,159,2.45,1.0
25,1,23,Chevrolet,2010,127,1.4,1.0
48,0,4,Porsche,2002,99,0.7,0.0
30,0,8,Dodge,1999,384,1.55,1.0
46,1,1,Mitsubishi,2009,692,1,1.0
36,1,8,Mercedes-Benz,2002,459,0.9,1.0
45,0,1,Nissan,1979,469,0.65,0.0
41,0,36,Tesla,2011,83,1,1.0
43,1,2,Cadillac,1996,330,0.7,0.0
28,1,1,Ford,2004,522,0.65,0.0
49,1,16,Buick,1986,691,0.5,0.0
30,0,15,Chevrolet,2009,133,1.4,1.0
43,0,9,Oldsmobile,1995,146,0.75,1.0
52,0,33,Ford,2012,128,0.6,0.0
35,1,18,Pontiac,2000,144,1.4,1.0
44,1,31,Mazda,2009,151,0.55,0.0
52,1,21,Ford,1989,88,0.55,0.0
42,0,34,Acura,2010,653,0.8,1.0
41,0,19,Ford,2004,120,0.6,0.0
46,0,20,Lexus,2006,150,1.4,1.0
24,1,5,Dodge,2005,423,0.65,0.0
42,0,36,Eagle,1994,104,0.6,0.0
45,1,2,Chevrolet,1997,87,0.9,1.0
23,1,5,Land Rover,2008,191,1.4,1.0
47,1,18,Pontiac,1999,138,0.6,0.0
37,0,6,Toyota,2005,94,0.75,1.0
45,1,22,Dodge,2003,82,2.45,1.0
65,0,1,Hyundai,2012,338,0.8,1.0
45,1,8,Volvo,2002,213,1,1.0
45,1,22,Mercedes-Benz,2009,86,0.9,1.0
45,1,13,Mazda,1995,137,1.4,1.0
45,1,24,Mazda,1992,154,0.95,1.0
55,1,16,GMC,1992,120,1.4,1.0
42,0,24,BMW,2012,144,0.8,1.0
43,0,18,Lamborghini,1995,125,2.3,1.0
36,1,2,Mitsubishi,1995,110,0.65,0.0
54,1,39,Porsche,1986,116,0.75,1.0
49,0,17,Ford,1992,93,2.45,1.0
26,1,24,Toyota,1995,130,0.8,1.0
30,1,5,Honda,1994,122,0.9,1.0
39,0,6,Volkswagen,2012,306,2.3,1.0
52,1,1,Chevrolet,2010,159,0.6,0.0
59,1,11,Chevrolet,1969,135,0.75,1.0
33,0,13,Honda,1995,160,2.3,1.0
45,0,15,Chevrolet,2003,80,0.9,1.0
45,1,16,Mercedes-Benz,2011,153,0.8,1.0
39,0,1,Lincoln,2013,484,0.6,0.0
44,0,3,Lincoln,1990,207,0.8,1.0
56,0,16,Saab,1998,142,0.95,1.0
40,0,7,Chevrolet,1999,95,0.75,1.0
50,1,8,Chrysler,1994,120,0.55,0.0
31,0,18,Toyota,1997,84,0.8,1.0
57,1,4,Suzuki,2000,153,1.55,1.0
57,0,3,Chevrolet,2005,250,0.95,1.0
51,0,1,Mercedes-Benz,2000,453,0.6,0.0
49,1,12,BMW,2004,118,0.9,1.0
47,1,5,Honda,2001,271,2.45,1.0
38,0,24,Dodge,2002,154,2.45,1.0
70,0,2,Subaru,1990,154,0.55,0.0
53,0,6,Mercedes-Benz,1997,177,1.55,1.0
58,0,13,Mitsubishi,2000,135,0.6,0.0
39,1,1,Pontiac,2003,85,1.55,1.0
32,1,32,Audi,2006,122,0.7,0.0
37,0,13,Porsche,2001,83,0.5,0.0
48,0,1,Toyota,1995,93,0.65,0.0
37,0,8,Ram,2011,89,2.3,1.0
44,0,16,Mitsubishi,1992,101,0.6,0.0
47,0,5,Mercury,2002,96,1.4,1.0
45,0,8,Acura,2010,301,1.4,1.0
54,1,30,Toyota,1996,99,0.55,0.0
50,0,24,Cadillac,1993,106,2.3,1.0
47,0,17,Mercedes-Benz,1997,117,0.85,1.0
39,1,10,Pontiac,1987,80,0.9,1.0
31,1,8,Buick,1988,500,0.65,0.0
40,1,10,Hyundai,1997,104,0.55,0.0
38,1,26,Lincoln,2002,136,0.85,1.0
51,0,1,Suzuki,1992,645,1.4,1.0
41,1,17,Maserati,1990,123,0.9,1.0
58,1,14,Chrysler,2007,125,0.95,1.0
54,0,7,Ford,2004,209,0.9,1.0
47,1,24,Audi,1994,107,0.8,1.0
29,0,8,Pontiac,2002,314,2.45,1.0
38,0,9,Nissan,2009,258,0.8,1.0
47,1,19,GMC,1997,93,0.5,0.0
50,0,28,Audi,2012,105,0.9,1.0
46,1,8,BMW,1997,487,2.3,1.0
41,1,7,Toyota,2005,405,0.55,0.0
41,1,20,Cadillac,1997,154,1.4,1.0
46,1,11,Mitsubishi,2004,101,1.4,1.0
39,0,29,Jensen,1966,150,1.4,1.0
49,1,15,Toyota,1987,139,1.55,1.0
53,1,5,Nissan,2003,380,0.55,0.0
46,0,26,Toyota,1996,95,0.5,0.0
42,0,2,Mercedes-Benz,1987,182,0.75,1.0
38,0,25,Mitsubishi,1987,107,0.7,0.0
51,1,8,Studebaker,1961,96,0.85,1.0
57,1,2,GMC,2004,237,0.65,0.0
53,1,16,GMC,2012,123,2.45,1.0
40,0,18,Lotus,2007,108,0.8,1.0
40,1,13,Ford,2008,99,2.45,1.0
62,1,24,Subaru,1990,400,0.55,0.0
47,0,9,Mazda,2003,152,0.6,0.0
48,1,5,GMC,1998,97,1.4,1.0
46,1,24,Chevrolet,1994,92,0.6,0.0
45,0,5,Chevrolet,2009,215,1.55,1.0
39,0,22,Volkswagen,1991,102,2.3,1.0
35,0,11,Mercedes-Benz,1984,136,0.95,1.0
45,1,7,Pontiac,1966,175,2.45,1.0
45,0,8,Mercury,1986,81,2.3,1.0
49,0,7,Saturn,1998,180,0.55,0.0
35,0,2,Volkswagen,1994,207,1,1.0
54,0,7,Mazda,2010,111,1.4,1.0
42,0,7,Mercedes-Benz,2000,349,0.65,0.0
41,1,20,Chevrolet,2006,116,2.45,1.0
50,1,6,Lexus,1998,297,0.8,1.0
56,0,5,Honda,1997,303,0.75,1.0
41,0,12,Ford,1998,100,0.85,1.0
42,0,6,Volkswagen,1991,156,0.65,0.0
48,0,5,Acura,2000,408,0.7,0.0
27,1,21,Subaru,2000,158,0.6,0.0
21,1,22,Chevrolet,1999,119,0.9,1.0
41,0,21,Maybach,2005,123,0.6,0.0
49,0,3,Pontiac,2002,81,0.9,1.0
25,0,20,Chevrolet,2005,87,2.45,1.0
42,1,1,Lincoln,1995,293,2.45,1.0
42,1,10,Toyota,2001,126,0.55,0.0
42,0,6,Lincoln,2011,288,2.3,1.0
41,0,11,Nissan,2000,92,0.8,1.0
42,0,17,Nissan,2011,154,0.85,1.0
41,1,3,Chevrolet,2009,386,0.7,0.0
37,0,24,Volkswagen,2000,116,0.7,0.0
55,0,36,Mazda,1997,491,1.4,1.0
30,1,7,Subaru,2004,264,0.5,0.0
52,1,3,Daewoo,2000,113,2.3,1.0
50,1,25,Chevrolet,1995,86,1,1.0
32,0,9,Chevrolet,2007,627,1,1.0
50,0,14,Mazda,2004,95,0.6,0.0
27,0,15,Cadillac,2011,90,0.9,1.0
36,1,8,Buick,1993,83,1,1.0
46,0,1,Mercedes-Benz,2010,432,0.55,0.0
36,0,19,Citroën,1989,132,2.45,1.0
49,0,3,Volkswagen,1994,447,0.8,1.0
42,1,15,Alfa Romeo,1994,130,0.65,0.0
63,0,5,Lexus,2011,478,0.85,1.0
63,0,24,Mitsubishi,1986,106,0.65,0.0
64,1,28,Lotus,1985,153,0.9,1.0
35,0,5,Land Rover,1990,83,2.3,1.0
47,1,4,Chevrolet,2002,169,0.9,1.0
57,1,14,Chrysler,1997,146,0.9,1.0
29,0,1,Mercury,1988,132,0.75,1.0
49,1,4,Oldsmobile,1998,440,1,1.0
46,1,22,Volkswagen,2002,104,0.95,1.0
37,1,2,Scion,2011,364,0.75,1.0
56,0,19,Ram,2011,157,1.4,1.0
61,1,8,GMC,2004,443,0.95,1.0
39,1,23,Ford,2002,143,0.9,1.0
42,1,17,Ford,2005,159,0.65,0.0
29,1,5,Ford,2008,394,1,1.0
51,0,20,Lincoln,2013,114,2.45,1.0
49,0,20,GMC,1992,85,0.95,1.0
45,1,19,Porsche,2002,119,0.8,1.0
58,0,15,Toyota,2009,121,1,1.0
50,0,5,Chevrolet,1997,666,0.5,0.0
46,1,4,Buick,2000,468,1.55,1.0
35,0,7,Toyota,2007,179,2.3,1.0
39,0,4,Lexus,2013,184,1,1.0
37,1,6,Subaru,2000,253,1.4,1.0
55,1,6,Ford,2006,435,0.65,0.0
55,1,6,Ford,1985,126,2.3,1.0
54,1,19,Chevrolet,1996,127,2.3,1.0
42,0,6,Chevrolet,1998,118,0.75,1.0
45,1,17,Oldsmobile,1996,104,0.5,0.0
44,0,5,Jeep,1998,84,2.3,1.0
45,0,2,Mercedes-Benz,2004,383,0.75,1.0
47,1,36,Chevrolet,2010,427,0.85,1.0
39,1,19,Toyota,1995,122,2.45,1.0
46,0,18,Porsche,2002,118,0.7,0.0
45,0,3,Toyota,2008,107,0.95,1.0
48,1,2,Oldsmobile,1996,446,0.85,1.0
47,0,8,Chevrolet,1980,161,0.8,1.0
41,0,39,Ford,1983,94,0.8,1.0
57,1,38,Chevrolet,2004,108,1.55,1.0
29,0,1,Toyota,2000,101,2.3,1.0
37,1,6,Subaru,1988,399,1.55,1.0
46,1,1,Cadillac,2009,105,0.65,0.0
44,1,17,Infiniti,2009,126,0.9,1.0
53,0,5,Nissan,2003,107,0.8,1.0
33,0,2,Chevrolet,2006,230,0.9,1.0
35,1,6,Chevrolet,1999,100,0.65,0.0
55,0,25,Volkswagen,1988,125,0.8,1.0
50,0,18,Nissan,2011,94,2.3,1.0
45,1,7,Buick,1989,332,0.65,0.0
35,0,8,Ford,1992,410,0.65,0.0
56,1,18,Dodge,2003,114,1.4,1.0
52,1,3,Mitsubishi,1997,245,0.65,0.0
32,0,3,Chrysler,1999,151,2.3,1.0
39,0,10,Buick,2007,114,0.55,0.0
45,0,5,Mitsubishi,2002,424,1.4,1.0
38,0,20,Ford,1970,126,0.65,0.0
39,0,4,BMW,1993,389,2.45,1.0
28,1,7,Volkswagen,2011,164,0.8,1.0
40,1,13,Nissan,2005,111,1.4,1.0
26,0,1,Acura,2011,415,0.7,0.0
41,0,27,Toyota,1999,82,0.65,0.0
51,1,5,Chevrolet,1992,435,0.7,0.0
59,0,19,Mercury,2002,157,0.5,0.0
59,1,11,BMW,2000,104,0.55,0.0
48,0,21,Geo,1993,90,0.95,1.0
61,0,36,Chevrolet,2002,123,0.55,0.0
52,0,32,Saab,2008,87,0.6,0.0
29,0,2,BMW,2012,122,0.6,0.0
37,0,9,Maserati,2005,106,0.5,0.0
48,0,8,Audi,2011,179,1,1.0
37,0,13,Cadillac,2007,110,0.95,1.0
32,0,17,Chevrolet,1993,102,0.8,1.0
39,0,6,Nissan,2010,101,0.9,1.0
39,1,31,Ford,2008,143,1.55,1.0
53,1,30,Pontiac,2006,124,1.55,1.0
50,1,19,Maybach,2008,98,2.3,1.0
35,1,4,Pontiac,2004,440,0.65,0.0
37,0,20,Mitsubishi,2000,157,1.55,1.0
50,1,25,Dodge,1993,155,0.85,1.0
34,1,5,Dodge,2011,125,1.55,1.0
46,0,25,Chevrolet,2007,81,0.85,1.0
49,1,7,Chrysler,1994,99,0.85,1.0
54,0,16,Chevrolet,1999,152,0.5,0.0
46,0,21,Nissan,2000,88,0.95,1.0
38,1,22,Ford,2005,157,1.55,1.0
56,1,18,Plymouth,1999,143,0.65,0.0
42,0,15,Buick,2005,103,1.4,1.0
57,0,7,Lincoln,1989,400,0.75,1.0
45,1,10,Honda,2000,138,0.7,0.0
31,0,21,Oldsmobile,2003,102,0.75,1.0
58,1,10,Mazda,2003,112,1.4,1.0
55,0,1,Ford,1999,344,0.9,1.0
63,0,5,Dodge,2012,324,0.55,0.0
42,0,7,Nissan,1998,159,0.65,0.0
47,1,5,Audi,2001,489,0.65,0.0
44,0,5,GMC,2007,107,0.9,1.0
54,0,5,Dodge,2009,114,1,1.0
36,0,38,Mazda,2011,159,2.3,1.0
34,0,4,Mercedes-Benz,2005,228,0.75,1.0
40,1,25,Ford,2001,126,0.8,1.0
50,0,28,Pontiac,1962,86,2.45,1.0
48,0,25,Mazda,1997,126,1.4,1.0
50,1,6,Toyota,2011,190,2.3,1.0
38,1,28,Ferrari,2009,81,2.45,1.0
29,0,25,Pontiac,1997,112,0.95,1.0
40,0,17,Mercury,2006,100,0.6,0.0
43,1,3,Suzuki,2007,498,0.8,1.0
53,1,19,Nissan,1998,127,0.5,0.0
49,0,4,Buick,1989,428,0.9,1.0
39,1,29,GMC,1992,146,0.6,0.0
52,1,5,Audi,2004,159,0.6,0.0
58,0,21,Audi,1993,88,0.5,0.0
37,1,17,Mercury,1985,133,0.55,0.0
41,0,24,Mercedes-Benz,2011,152,2.45,1.0
40,0,39,Chrysler,1993,512,0.95,1.0
33,1,23,BMW,2012,157,1.4,1.0
41,1,15,Suzuki,1999,585,0.7,0.0
39,1,17,Fillmore,1960,82,2.45,1.0
45,1,8,Infiniti,2003,235,2.3,1.0
49,0,26,Chevrolet,1993,118,0.75,1.0
36,1,5,Toyota,2006,236,2.3,1.0
48,0,22,Buick,2012,100,0.55,0.0
39,1,13,Mercedes-Benz,1992,118,0.55,0.0
35,1,6,Mercedes-Benz,1992,451,2.3,1.0
37,0,8,Chevrolet,1996,176,0.6,0.0
40,1,4,Saab,2006,195,2.3,1.0
43,0,36,Isuzu,2003,140,1,1.0
42,0,5,Buick,1990,180,0.55,0.0
54,0,14,Lotus,2007,84,0.75,1.0
47,0,17,Ford,2001,80,0.65,0.0
49,0,10,GMC,2011,128,0.7,0.0
40,0,23,Toyota,2001,89,2.3,1.0
53,0,13,Mercedes-Benz,1998,121,0.65,0.0
45,0,15,Hyundai,2003,80,2.45,1.0
42,1,6,Land Rover,1994,135,0.95,1.0
44,0,13,Dodge,1993,159,0.95,1.0
48,1,1,Hyundai,2002,286,0.95,1.0
52,1,3,Mercedes-Benz,1998,248,1.55,1.0
49,0,4,Dodge,2011,186,0.6,0.0
21,0,5,Lincoln,2011,94,0.75,1.0
51,0,16,Dodge,2006,149,2.3,1.0
51,1,13,Volkswagen,1988,125,1,1.0
46,0,8,Land Rover,2003,100,2.3,1.0
44,1,28,Subaru,2006,134,0.7,0.0
43,1,20,Mercedes-Benz,2003,357,0.5,0.0
41,1,35,Buick,2002,107,1.55,1.0
39,1,22,Dodge,1997,98,1.4,1.0
45,0,35,GMC,2002,111,1.4,1.0
61,1,23,Ford,2005,94,0.95,1.0
55,1,15,BMW,2009,104,0.85,1.0
23,0,12,Acura,2002,148,0.7,0.0
48,1,10,Cadillac,1997,93,0.9,1.0
48,0,13,Honda,2006,112,2.45,1.0
50,0,15,Mercury,1993,119,0.9,1.0
63,0,26,Chevrolet,1992,108,0.6,0.0
40,0,9,Pontiac,1984,158,0.95,1.0
45,0,15,Dodge,1995,128,0.7,0.0
53,1,13,Dodge,2010,106,0.5,0.0
40,0,16,BMW,2004,154,0.85,1.0
52,1,3,Rolls-Royce,2005,299,0.95,1.0
47,1,12,Ford,1999,90,0.65,0.0
47,0,5,Nissan,2009,108,2.45,1.0
31,0,4,Toyota,1997,220,0.6,0.0
67,1,7,Toyota,2001,159,1,1.0
48,0,5,Isuzu,1994,245,0.7,0.0
40,0,3,Buick,1991,253,0.85,1.0
55,0,13,Honda,2011,96,0.5,0.0
37,0,28,Volvo,2007,150,0.55,0.0
58,1,40,GMC,2010,148,0.7,0.0
30,1,17,Suzuki,1992,159,0.85,1.0
54,1,3,Volvo,2007,118,1,1.0
48,1,19,Mazda,1985,143,0.7,0.0
34,1,5,Ford,2004,156,1,1.0
31,0,11,Mitsubishi,2011,143,0.85,1.0
46,1,4,Chevrolet,2000,158,1,1.0
37,0,3,Chevrolet,1993,185,0.65,0.0
37,0,5,Geo,1997,135,0.65,0.0
49,0,4,Toyota,2003,583,0.7,0.0
29,1,3,Cadillac,2004,376,1.4,1.0
51,0,8,Mercury,1991,361,0.55,0.0
43,1,36,Pontiac,1973,81,0.85,1.0
39,0,11,Ford,2004,119,0.85,1.0
54,1,5,Toyota,2012,118,2.45,1.0
-2147483648,1,10,Lincoln,1987,80,2.3,1.0
37,1,6,Pontiac,1994,130,1.4,1.0
47,1,25,Ford,1989,80,1.55,1.0
39,1,9,GMC,2013,111,0.9,1.0
39,0,20,BMW,2010,111,1.4,1.0
53,1,6,Porsche,1999,388,0.75,1.0
29,1,6,Ford,1997,149,0.55,0.0
39,0,20,Mercedes-Benz,2011,138,1,1.0
44,0,3,Buick,1993,495,0.9,1.0
50,1,25,Toyota,1999,111,0.55,0.0
36,1,21,Chevrolet,2012,127,0.5,0.0
45,0,37,Mercedes-Benz,2008,673,0.65,0.0
58,1,18,Chevrolet,1991,98,0.85,1.0
35,1,21,Saab,2006,143,0.7,0.0
46,0,6,Pontiac,1993,152,2.45,1.0
54,1,14,Pontiac,1985,127,0.8,1.0
52,0,1,Volkswagen,2009,374,0.55,0.0
26,0,18,Acura,2008,136,0.6,0.0
29,1,7,Toyota,2003,141,0.75,1.0
47,0,7,Volvo,2006,102,0.85,1.0
48,1,3,Honda,1989,355,0.85,1.0
39,0,1,Subaru,2005,199,1.55,1.0
45,1,8,Lexus,2010,471,0.95,1.0
38,1,2,Ford,2013,452,1.55,1.0
45,0,19,Audi,1991,141,1.55,1.0
51,0,10,Volvo,2005,145,1,1.0
36,1,29,Dodge,2004,111,0.75,1.0
30,1,7,Ford,1997,316,0.95,1.0
44,1,4,Ford,1985,95,0.7,0.0
24,0,19,Dodge,2010,85,0.55,0.0
29,0,31,Lexus,1996,135,0.55,0.0
38,1,10,Lexus,2010,122,0.75,1.0
49,1,7,Acura,2005,300,2.3,1.0
32,0,9,Chevrolet,1973,123,1.4,1.0
40,0,14,Pontiac,1987,93,0.75,1.0
29,0,32,Chevrolet,2006,104,0.5,0.0
50,1,15,Mazda,1995,129,2.45,1.0
22,1,19,McLaren,2012,147,2.3,1.0
38,0,14,GMC,2011,86,0.6,0.0
42,1,5,Acura,2011,245,0.85,1.0
49,1,24,Subaru,1997,622,0.6,0.0
27,0,1,GMC,2010,219,0.65,0.0
62,1,14,Mitsubishi,2002,138,2.45,1.0
45,0,2,Toyota,2009,233,2.3,1.0
44,1,14,Nissan,2005,120,2.45,1.0
48,0,25,Subaru,2007,94,0.6,0.0
30,0,14,Toyota,1997,150,0.95,1.0
38,1,18,Aptera,2010,112,1.55,1.0
38,0,37,Aston Martin,2011,140,0.6,0.0
36,0,20,Volkswagen,2006,120,1,1.0
34,1,18,Ford,2001,99,0.55,0.0
41,0,6,Hyundai,2006,656,0.7,0.0
52,1,15,Honda,2002,85,1.4,1.0
45,1,25,Mercedes-Benz,2009,148,0.7,0.0
57,1,5,Chevrolet,2006,276,0.6,0.0
42,0,6,GMC,1997,91,1.4,1.0
46,1,6,Audi,1990,88,0.95,1.0
65,0,21,Ford,1998,121,1.4,1.0
59,0,18,Audi,2002,109,2.3,1.0
32,0,11,Volvo,2011,120,0.55,0.0
35,0,21,Volkswagen,2002,133,0.7,0.0
47,1,36,BMW,2006,141,1.55,1.0
35,1,5,Honda,2006,100,0.9,1.0
34,0,23,Mazda,2003,678,0.85,1.0
50,0,6,Audi,1987,423,2.45,1.0
51,1,1,Ford,2002,169,1.55,1.0
45,0,7,Ford,2006,472,2.3,1.0
41,0,3,Cadillac,2009,258,0.5,0.0
51,0,22,Ford,1983,91,2.45,1.0
43,0,2,Mitsubishi,1992,326,1.55,1.0
36,0,8,Mazda,2011,91,0.9,1.0
37,0,8,Oldsmobile,1994,296,1.4,1.0
44,0,3,Mazda,1988,125,2.45,1.0
53,1,16,Bentley,2006,124,0.7,0.0
47,0,5,Toyota,2003,210,0.6,0.0
57,1,13,Buick,1993,106,0.95,1.0
54,1,5,Chevrolet,2001,219,2.3,1.0
46,0,2,Chevrolet,2011,155,0.6,0.0
37,1,6,Geo,1995,141,0.55,0.0
56,1,1,BMW,2006,209,0.95,1.0
65,0,7,Toyota,2003,104,2.3,1.0
53,0,6,Chevrolet,1999,197,2.3,1.0
26,0,7,Chrysler,2011,308,0.75,1.0
40,0,7,Aston Martin,2008,217,0.8,1.0
52,1,1,Honda,2009,199,1,1.0
50,0,8,GMC,2006,149,0.5,0.0
44,1,6,Toyota,2007,539,0.9,1.0
52,0,30,Ford,2011,135,1.55,1.0
37,0,7,Ford,2012,530,0.9,1.0
43,1,19,Jeep,2010,157,1,1.0
47,0,3,Acura,2006,497,1,1.0
41,0,8,Chevrolet,2012,402,1.4,1.0
51,1,17,Pontiac,1989,149,2.45,1.0
39,1,24,Cadillac,2004,100,2.3,1.0
48,0,4,Mercedes-Benz,1992,353,2.45,1.0
34,0,37,Ford,1989,676,1.55,1.0
58,1,15,Chevrolet,2008,136,0.8,1.0
34,1,5,Lamborghini,2006,137,0.7,0.0
43,1,10,Nissan,1990,153,0.8,1.0
37,0,12,Bentley,2010,138,0.9,1.0
41,0,5,Chevrolet,1967,92,0.85,1.0
62,0,5,GMC,2010,420,0.65,0.0
40,1,10,Lexus,1998,106,0.55,0.0
46,1,31,Acura,1988,142,1.55,1.0
43,0,22,Honda,2006,144,0.5,0.0
30,0,7,Chrysler,2005,321,0.65,0.0
42,1,32,Suzuki,1992,103,1,1.0
41,0,18,Chevrolet,2010,134,0.9,1.0
38,0,14,Mercedes-Benz,2007,108,1,1.0
47,1,13,Pontiac,2010,81,0.8,1.0
29,0,10,Cadillac,2010,101,1.4,1.0
38,1,37,Ford,2010,107,0.8,1.0
62,1,8,Volvo,1998,124,0.8,1.0
38,1,11,Honda,2011,114,0.75,1.0
41,0,35,Pontiac,1987,643,0.55,0.0
47,1,7,Suzuki,2004,123,0.7,0.0
28,0,6,Cadillac,2002,265,0.55,0.0
44,0,9,Porsche,1988,158,0.95,1.0
30,0,6,Ford,1997,359,1,1.0
37,0,5,Lexus,2008,343,0.75,1.0
57,1,10,Audi,2001,124,0.9,1.0
49,0,16,Mercedes-Benz,2005,156,0.6,0.0
53,1,5,Audi,2012,507,0.8,1.0
35,0,1,Subaru,2011,289,1,1.0
45,0,8,Ford,1990,134,0.6,0.0
40,0,35,Dodge,1992,116,0.55,0.0
41,1,13,Saab,2002,125,0.75,1.0
50,1,15,Infiniti,2012,132,0.55,0.0
45,0,17,Mitsubishi,1992,138,0.95,1.0
57,1,7,Mazda,1998,126,0.85,1.0
52,1,5,Mercury,2004,161,0.6,0.0
40,1,1,Suzuki,1992,124,0.85,1.0
54,1,39,Isuzu,2008,152,1.4,1.0
45,1,6,Mazda,2006,97,0.9,1.0
32,0,8,Mercury,2010,158,0.9,1.0
42,0,5,Volkswagen,1994,106,0.9,1.0
33,0,4,Kia,1997,423,0.5,0.0
53,1,8,Bentley,2012,125,0.85,1.0
49,1,2,Subaru,2007,244,0.55,0.0
41,1,10,Chrysler,2003,98,0.8,1.0
52,0,37,Suzuki,2010,86,1.55,1.0
45,0,5,Chevrolet,1998,119,1.55,1.0
40,0,25,Cadillac,1996,128,0.6,0.0
48,1,2,Chevrolet,2001,459,1,1.0
40,1,12,Chrysler,2000,101,1.4,1.0
39,0,1,Cadillac,2007,245,1.4,1.0
53,1,2,Cadillac,2010,396,0.55,0.0
54,1,31,Ford,2010,92,1,1.0
42,0,34,Hyundai,2002,116,0.55,0.0
45,1,4,Chevrolet,2001,217,0.85,1.0
50,0,2,Ford,1988,300,0.55,0.0
38,1,1,Nissan,1992,271,0.65,0.0
29,0,18,Jaguar,2009,97,0.7,0.0
42,0,21,GMC,2007,137,0.55,0.0
46,1,2,Isuzu,1998,343,0.95,1.0
46,1,7,Mitsubishi,1989,93,0.65,0.0
29,1,2,GMC,1998,459,2.3,1.0
47,1,7,Eagle,1991,489,2.3,1.0
49,0,7,Acura,1989,128,0.8,1.0
35,0,28,Toyota,2012,108,0.85,1.0
50,1,2,Porsche,2013,253,2.45,1.0
44,0,22,Chevrolet,1996,125,0.9,1.0
40,0,3,Chevrolet,2005,447,1,1.0
36,0,3,Chevrolet,2008,111,0.6,0.0
50,1,23,Oldsmobile,1999,155,0.7,0.0
42,0,4,Lamborghini,1986,412,0.9,1.0
52,1,38,Pontiac,2000,619,0.7,0.0
43,1,5,Nissan,2010,420,0.75,1.0
41,0,38,Isuzu,2000,520,0.75,1.0
41,0,4,Volkswagen,1997,194,0.5,0.0
49,1,3,Cadillac,1992,171,0.75,1.0
54,0,16,Infiniti,2006,124,1.4,1.0
46,0,14,Scion,2011,142,2.3,1.0
31,1,23,Ford,2007,116,0.55,0.0
42,1,14,Pontiac,1971,146,0.95,1.0
63,0,12,Mercedes-Benz,2001,80,0.5,0.0
31,0,8,Buick,1990,409,0.5,0.0
54,1,20,Mercury,1993,122,0.6,0.0
50,1,28,Chevrolet,2011,97,0.55,0.0
43,0,14,Ford,1994,106,0.55,0.0
42,1,3,Ford,1992,117,0.95,1.0
33,1,2,Maserati,2011,201,0.7,0.0
56,0,9,Audi,1985,116,2.3,1.0
53,1,39,Suzuki,1998,534,0.7,0.0
43,1,18,Lexus,2013,157,0.7,0.0
40,0,7,Lexus,2011,386,0.5,0.0
42,1,30,Ford,1985,457,2.45,1.0
43,0,14,Dodge,1993,116,1.4,1.0
36,1,14,Ford,2010,633,2.3,1.0
33,0,4,Hyundai,1997,147,0.6,0.0
53,0,6,Acura,1992,271,1.4,1.0
43,1,15,Land Rover,2009,160,0.6,0.0
54,1,27,Ford,2010,158,0.5,0.0
41,0,9,Acura,1994,143,1.55,1.0
33,0,4,Dodge,2010,173,0.8,1.0
38,1,5,Ford,1995,338,0.75,1.0
59,1,32,MINI,2006,361,0.55,0.0
48,0,7,GMC,1994,97,0.8,1.0
41,1,7,Buick,1979,380,0.7,0.0
37,0,6,Suzuki,2003,328,0.95,1.0
53,0,6,Maybach,2012,228,1.55,1.0
44,1,5,Lexus,2012,166,1.4,1.0
44,0,3,Ford,1997,159,0.9,1.0
70,0,3,Pontiac,2005,154,0.55,0.0
36,1,5,Honda,2009,163,0.95,1.0
52,0,24,Volkswagen,2010,126,2.3,1.0
38,1,7,Ford,1991,98,0.75,1.0
46,1,25,Infiniti,2006,104,0.95,1.0
37,0,3,Toyota,2009,173,0.65,0.0
43,1,3,Mercedes-Benz,1988,677,0.9,1.0
42,0,5,Mercedes-Benz,2008,533,1,1.0
40,1,36,Dodge,2012,81,0.7,0.0
61,0,3,Hummer,2004,280,0.8,1.0
59,1,20,Subaru,1997,130,0.95,1.0
31,0,30,Mitsubishi,1986,154,0.55,0.0
24,0,5,Subaru,1994,411,0.95,1.0
38,1,37,Maybach,2005,449,1,1.0
61,1,5,Toyota,1994,274,0.75,1.0
32,1,19,Aston Martin,2010,146,0.5,0.0
58,0,2,GMC,2004,175,2.3,1.0
38,1,17,Ram,2011,122,1.4,1.0
40,0,1,Chrysler,2007,475,0.9,1.0
53,0,1,Oldsmobile,2000,378,0.7,0.0
45,1,5,Infiniti,2002,251,0.65,0.0
48,1,8,Volkswagen,1995,425,1.4,1.0
39,0,16,Hyundai,2003,159,0.7,0.0
32,0,35,Eagle,1992,142,0.6,0.0
28,0,5,Chevrolet,1979,496,0.9,1.0
45,1,7,Mazda,2011,401,1.4,1.0
51,1,5,Dodge,2000,358,0.8,1.0
67,1,35,GMC,2002,141,0.65,0.0
36,1,22,Lexus,2013,140,1.55,1.0
60,1,5,Subaru,2010,194,0.95,1.0
50,1,18,Ford,1989,91,1,1.0
34,0,4,Land Rover,1992,198,1,1.0
36,1,7,Mercury,1988,138,0.65,0.0
22,0,1,Honda,2010,166,0.8,1.0
33,1,3,Maybach,2011,136,0.6,0.0
35,1,30,Ford,2002,149,1,1.0
39,0,5,Audi,1992,338,1.55,1.0
37,0,8,Volvo,2012,137,0.8,1.0
50,0,6,GMC,2010,115,0.85,1.0
57,0,23,Volkswagen,1990,156,0.65,0.0
48,0,2,Jaguar,2002,284,0.5,0.0
52,1,5,Audi,2012,107,0.75,1.0
40,0,16,Toyota,2000,82,1.4,1.0
41,1,1,Nissan,2012,282,0.95,1.0
36,1,20,Infiniti,2012,149,2.3,1.0
39,0,18,Infiniti,2009,151,0.85,1.0
35,0,4,Dodge,1992,202,0.5,0.0
45,0,2,Volvo,1999,382,1.55,1.0
50,1,11,Volkswagen,2008,103,2.3,1.0
25,1,10,Nissan,1995,83,1.55,1.0
65,1,7,Hyundai,2003,358,0.7,0.0
38,0,5,Buick,1994,314,2.45,1.0
36,0,14,Acura,1997,126,0.75,1.0
42,0,18,Mazda,1993,140,0.9,1.0
43,1,17,Mitsubishi,1988,102,2.3,1.0
46,1,25,Acura,1999,274,0.9,1.0
36,1,11,BMW,2011,121,0.9,1.0
34,1,5,GMC,2007,141,0.65,0.0
33,0,3,Porsche,2004,258,2.3,1.0
39,0,17,BMW,2005,149,1,1.0
48,0,28,Chevrolet,2008,140,1,1.0
41,1,17,Nissan,2003,107,0.6,0.0
51,1,6,Pontiac,2008,141,0.9,1.0
38,1,12,Mercury,2001,142,1,1.0
51,1,1,Chevrolet,1996,177,0.95,1.0
42,1,2,Subaru,1995,444,0.6,0.0
47,0,5,Mercedes-Benz,1993,98,0.75,1.0
42,0,4,Volkswagen,2000,481,0.8,1.0
61,1,39,BMW,2001,591,1.55,1.0
48,1,3,Chevrolet,2012,402,0.65,0.0
37,1,3,Chevrolet,2011,133,0.75,1.0
48,0,18,Lexus,2012,107,2.3,1.0
44,0,7,GMC,2009,99,0.8,1.0
38,0,9,Cadillac,1998,109,0.9,1.0
34,1,5,Porsche,2007,157,0.65,0.0
49,0,18,Chevrolet,2003,150,1.4,1.0
53,1,15,Hyundai,2000,95,0.9,1.0
44,0,5,Subaru,1999,136,2.3,1.0
28,0,31,Mazda,2011,106,1,1.0
43,1,20,Nissan,2005,122,0.7,0.0
35,1,39,Mercedes-Benz,1993,691,2.45,1.0
38,1,20,Mazda,2000,93,0.75,1.0
33,0,5,Maybach,2009,398,0.9,1.0
38,0,6,Ford,1985,470,2.45,1.0
60,1,21,Dodge,1994,116,0.6,0.0
28,0,8,Dodge,1997,349,1,1.0
59,0,25,Chevrolet,1996,140,2.45,1.0
43,1,28,Dodge,1999,122,1.55,1.0
40,0,11,GMC,2002,110,0.65,0.0
41,1,5,Chevrolet,2000,130,1,1.0
58,0,19,BMW,2010,117,0.6,0.0
50,0,23,Dodge,2009,114,1.55,1.0
28,1,5,GMC,1995,109,1.4,1.0
39,0,3,Lotus,1986,159,0.8,1.0
58,0,10,Volvo,2013,117,2.3,1.0
44,0,17,Pontiac,1989,151,2.3,1.0
34,1,4,Chevrolet,1960,260,1.55,1.0
47,0,16,Dodge,2008,81,1.55,1.0
44,0,21,Chevrolet,1994,144,2.3,1.0
59,0,5,Ford,1997,176,0.5,0.0
57,1,6,Oldsmobile,1996,80,0.6,0.0
48,0,1,Plymouth,1993,365,2.45,1.0
39,1,1,Smart,2011,326,0.6,0.0
59,0,25,Chevrolet,2002,152,0.75,1.0
43,1,2,Chevrolet,2010,416,0.5,0.0
51,1,19,Audi,1985,133,0.75,1.0
49,1,19,Eagle,1993,152,1.4,1.0
53,0,10,Toyota,2003,141,2.3,1.0
47,0,8,Ford,2003,360,0.5,0.0
50,1,3,Hyundai,2009,462,2.45,1.0
48,1,21,Porsche,1991,135,1.4,1.0
39,1,17,Infiniti,2004,114,2.45,1.0
47,1,19,GMC,2010,105,0.85,1.0
36,0,14,Dodge,1999,92,0.95,1.0
44,0,20,Mercedes-Benz,1997,450,1,1.0
31,1,21,Dodge,2001,122,1,1.0
36,1,6,Volkswagen,2002,313,1,1.0
31,0,8,Jaguar,2011,324,0.7,0.0
44,1,22,Mitsubishi,2006,157,2.45,1.0
48,1,6,Ford,2010,203,0.6,0.0
39,1,7,Kia,2011,362,1,1.0
35,1,40,Toyota,2009,113,1.55,1.0
33,0,2,Volvo,2003,136,1,1.0
40,0,5,Ford,1985,324,0.9,1.0
52,0,1,BMW,1999,228,0.75,1.0
50,0,2,Ford,2012,432,0.95,1.0
41,0,20,Chevrolet,1996,159,1.4,1.0
39,0,13,Mitsubishi,2003,132,1.4,1.0
37,0,7,Ford,1988,478,0.75,1.0
38,0,19,Honda,1996,139,0.65,0.0
43,1,2,Ford,1970,297,0.9,1.0
-2147483648,0,4,Ford,1999,142,0.95,1.0
35,0,25,Acura,2001,127,0.95,1.0
41,1,16,BMW,2004,142,0.5,0.0
49,0,25,Toyota,2009,124,0.75,1.0
44,0,2,Ford,2005,158,0.7,0.0
36,1,2,Lexus,2002,696,0.55,0.0
45,0,5,Toyota,2012,134,2.45,1.0
42,1,1,Volkswagen,1992,110,0.85,1.0
43,0,2,GMC,1994,98,2.3,1.0
53,1,4,Toyota,1992,168,0.95,1.0
47,0,12,Chevrolet,1987,88,0.65,0.0
51,0,15,Peugeot,2007,160,0.6,0.0
46,1,16,Mazda,1996,129,0.75,1.0
54,0,17,Acura,1998,141,1.55,1.0
33,0,38,Dodge,2007,453,0.9,1.0
45,0,7,Buick,1993,208,0.95,1.0
57,1,19,Buick,1984,130,2.3,1.0
44,0,34,Mazda,2009,84,0.7,0.0
56,0,17,Land Rover,1997,87,0.7,0.0
55,0,2,Ford,1997,272,0.75,1.0
42,1,10,Ford,2002,89,0.75,1.0
23,0,2,Mercury,2009,227,1.4,1.0
28,0,16,Infiniti,1996,113,0.6,0.0
41,0,5,Mercedes-Benz,2002,334,0.6,0.0
33,0,18,Jeep,2012,121,0.6,0.0
28,1,32,Buick,1994,158,0.55,0.0
53,0,1,Fiat,2012,222,1.55,1.0
43,0,1,Isuzu,2007,277,2.45,1.0
51,1,5,Buick,1990,324,0.5,0.0
43,1,13,Hillman,1950,90,0.6,0.0
47,1,3,GMC,2008,169,0.6,0.0
51,0,40,Cadillac,2002,139,1,1.0
57,1,36,Toyota,1992,118,0.9,1.0
33,1,5,Ford,2005,134,2.3,1.0
41,0,13,Audi,2009,154,0.5,0.0
48,0,28,GMC,2010,136,2.45,1.0
51,0,3,Suzuki,2008,252,0.75,1.0
35,1,27,Subaru,2010,97,0.9,1.0
27,0,6,Chevrolet,1993,168,0.6,0.0
37,0,9,Mercedes-Benz,1990,138,0.8,1.0
47,1,2,Toyota,2009,162,1.55,1.0
50,0,26,Volkswagen,2004,84,0.9,1.0
29,1,2,Lincoln,2010,408,0.55,0.0
35,0,3,Volvo,2010,100,0.6,0.0
32,1,5,Hyundai,2013,442,0.6,0.0
51,0,20,Volkswagen,2012,92,0.75,1.0
50,0,17,Maserati,2002,84,1.4,1.0
47,1,6,Lexus,2004,452,0.9,1.0
36,1,6,Ford,1989,107,2.45,1.0
41,1,5,Hummer,2008,166,0.65,0.0
54,1,1,Ford,2005,697,0.9,1.0
36,0,4,Ford,2002,104,0.95,1.0
34,1,17,Suzuki,1996,130,1.55,1.0
53,0,1,Dodge,1995,348,0.55,0.0
41,0,36,BMW,2003,80,1,1.0
58,1,7,Saab,1994,122,0.65,0.0
59,0,11,Jeep,2010,88,0.7,0.0
39,1,10,Infiniti,2011,133,0.55,0.0
35,1,2,Audi,1999,173,2.45,1.0
54,0,1,Buick,1992,411,2.45,1.0
62,1,7,Saturn,2005,357,0.55,0.0
38,0,31,Chevrolet,1996,95,0.8,1.0
57,0,22,Lincoln,1992,104,0.65,0.0
66,0,23,Pontiac,1969,102,0.55,0.0
43,1,12,Mazda,2011,100,0.7,0.0
29,0,14,Mercedes-Benz,1992,155,0.55,0.0
48,1,7,Studebaker,1961,197,0.9,1.0
51,0,18,Chevrolet,2007,130,0.95,1.0
39,1,6,Mitsubishi,2002,163,0.75,1.0
43,1,2,Lamborghini,2006,194,0.55,0.0
54,0,3,Honda,2012,487,0.9,1.0
51,0,6,Toyota,2004,96,1.55,1.0
36,0,3,Cadillac,1992,404,0.9,1.0
39,0,28,Audi,1991,118,1,1.0
48,1,17,Pontiac,2005,100,0.5,0.0
47,1,24,Subaru,2003,124,0.7,0.0
17,1,1,Ford,2012,123,2.45,1.0
50,1,1,Audi,2002,227,1,1.0
42,0,4,Jaguar,1994,253,0.85,1.0
56,0,8,Subaru,2001,88,0.8,1.0
32,0,14,Mazda,2012,142,0.9,1.0
46,0,2,Mercury,1992,471,0.65,0.0
47,0,17,Mazda,2007,140,0.9,1.0
44,1,7,Lincoln,2007,240,0.6,0.0
34,0,11,Dodge,2009,82,0.9,1.0
44,0,1,Mitsubishi,2001,244,0.85,1.0
48,0,38,Audi,1993,145,0.65,0.0
36,1,17,Studebaker,1964,132,0.75,1.0
52,1,25,Porsche,1990,118,1.55,1.0
46,0,16,Honda,2001,153,0.5,0.0
46,1,4,Buick,1998,406,2.3,1.0
41,1,6,Ford,1999,443,1.4,1.0
40,1,8,Buick,1995,172,0.8,1.0
49,0,5,Lotus,1989,489,1.55,1.0
51,1,18,Ford,1966,96,0.75,1.0
54,1,13,Ford,2009,144,2.45,1.0
58,0,5,Nissan,2008,149,0.5,0.0
49,0,16,GMC,1995,95,0.55,0.0
33,0,25,Dodge,1992,81,0.8,1.0
59,1,20,Land Rover,1986,87,2.3,1.0
44,0,6,Chrysler,2000,139,0.9,1.0
48,1,16,Acura,1997,109,1.55,1.0
53,1,20,Cadillac,2008,522,0.7,0.0
43,0,25,Mercedes-Benz,2011,118,1,1.0
46,0,2,Honda,1999,228,0.95,1.0
51,0,15,Chrysler,2007,104,0.7,0.0
60,1,6,Jaguar,2006,172,0.65,0.0
26,0,16,Audi,1992,156,0.55,0.0
43,1,20,BMW,2007,114,0.7,0.0
27,0,20,Subaru,2010,117,0.5,0.0
54,0,10,Toyota,2008,95,1.55,1.0
42,0,19,Chevrolet,2006,120,0.6,0.0
32,0,20,Buick,2005,121,2.3,1.0
45,1,16,Hyundai,2002,160,0.6,0.0
46,0,5,GMC,2000,241,1.4,1.0
72,1,17,Mercury,1984,138,0.85,1.0
57,0,18,Mercedes-Benz,2012,149,0.6,0.0
48,1,7,Toyota,1982,486,0.55,0.0
44,1,1,Maserati,1989,138,0.55,0.0
51,0,38,Chevrolet,1996,138,1,1.0
42,1,10,Aston Martin,2012,157,0.95,1.0
37,1,22,BMW,1997,89,1,1.0
50,1,1,Volkswagen,2012,548,0.95,1.0
38,0,1,Nissan,2012,409,0.8,1.0
56,1,6,Audi,2001,195,0.6,0.0
52,1,9,Mitsubishi,2001,138,0.85,1.0
30,1,32,Chrysler,2004,130,0.85,1.0
38,0,16,Dodge,1993,159,1.55,1.0
30,0,11,Toyota,2010,104,0.85,1.0
45,1,26,Ford,1983,124,1.55,1.0
55,0,15,Ford,1997,91,2.45,1.0
62,1,16,Jaguar,2004,105,1,1.0
46,0,32,Ford,1992,124,2.45,1.0
33,0,26,Ford,1996,142,0.9,1.0
47,0,4,Dodge,2001,114,1.55,1.0
59,0,6,Honda,2006,394,2.3,1.0
53,1,1,GMC,1997,275,2.45,1.0
40,1,20,Ford,2008,118,2.45,1.0
35,0,7,GMC,2008,489,0.9,1.0
29,0,22,Toyota,1995,621,0.5,0.0
44,1,29,Citroën,1948,122,0.9,1.0
46,0,7,Ford,1979,96,2.45,1.0
50,1,1,Pontiac,2001,318,0.9,1.0
26,1,1,Maserati,2010,620,0.6,0.0
40,0,24,Dodge,2004,92,1,1.0
45,0,32,Dodge,1996,113,0.95,1.0
32,1,5,Ford,1997,126,2.45,1.0
30,1,1,Geo,1992,143,1.55,1.0
40,0,30,Honda,2010,127,2.3,1.0
45,1,13,Chrysler,1994,85,0.8,1.0
55,1,2,GMC,1995,180,1,1.0
53,0,16,Mazda,1990,158,0.75,1.0
35,1,15,Isuzu,1996,97,2.45,1.0
40,0,7,Dodge,1998,170,2.3,1.0
39,1,8,Ford,1989,298,0.8,1.0
51,1,22,Kia,2009,140,0.85,1.0
35,0,39,Honda,2012,155,0.95,1.0
52,0,25,Pontiac,1983,157,0.95,1.0
45,1,30,Toyota,2001,130,0.5,0.0
36,1,8,Mazda,1985,383,0.95,1.0
59,0,39,Audi,1998,118,2.45,1.0
54,0,23,Mitsubishi,2007,117,0.6,0.0
60,1,5,GMC,1996,278,1.55,1.0
61,0,12,Lincoln,1987,122,1,1.0
52,0,5,Land Rover,2002,181,0.6,0.0
37,0,22,Lincoln,2008,141,1.55,1.0
52,1,21,Chevrolet,2009,128,0.75,1.0
37,0,10,Toyota,1992,144,1.55,1.0
43,1,3,Chevrolet,1993,147,0.7,0.0
51,1,8,Toyota,1998,127,0.7,0.0
43,0,5,Subaru,1991,129,2.3,1.0
42,1,15,Hyundai,2010,84,1.55,1.0
38,0,10,Pontiac,1989,120,1.55,1.0
55,0,25,Subaru,1994,91,0.8,1.0
52,0,40,GMC,1994,146,0.65,0.0
33,1,6,Lexus,2010,316,0.9,1.0
48,0,10,Acura,2000,132,0.7,0.0
41,1,20,Spyker,2006,108,2.45,1.0
48,0,5,Audi,1990,253,2.45,1.0
55,0,3,GMC,2002,89,0.5,0.0
49,1,12,BMW,2007,104,0.55,0.0
25,0,37,Mitsubishi,1994,147,0.7,0.0
43,1,16,Lamborghini,1996,112,1,1.0
45,1,22,BMW,2013,134,0.95,1.0
57,0,36,Volkswagen,1993,133,0.7,0.0
40,1,8,Chrysler,2007,364,2.3,1.0
53,0,5,Cadillac,1992,483,1.55,1.0
50,1,25,Subaru,1996,80,2.45,1.0
41,1,39,Mazda,1997,99,0.8,1.0
51,1,8,Volvo,2004,191,0.6,0.0
36,0,18,Dodge,1996,111,0.8,1.0
36,0,21,Volkswagen,1998,96,0.85,1.0
55,1,12,Mazda,2013,635,0.85,1.0
41,0,3,Volvo,2010,153,0.6,0.0
55,1,26,Infiniti,2012,244,0.9,1.0
31,1,1,Mitsubishi,1994,96,0.95,1.0
45,0,3,Buick,1989,209,2.3,1.0
48,1,28,Pontiac,1965,106,0.9,1.0
46,1,29,Cadillac,2011,95,0.6,0.0
52,1,7,Saab,2008,176,2.3,1.0
42,0,18,Nissan,2000,97,0.55,0.0
57,1,8,Ford,1967,159,1.55,1.0
65,0,14,GMC,2011,136,0.85,1.0
45,1,13,Pontiac,1995,105,1.4,1.0
58,0,16,Lincoln,1987,514,2.45,1.0
38,0,39,Chevrolet,1999,104,1,1.0
43,1,1,Infiniti,2003,195,1.55,1.0
45,1,4,GMC,2004,202,1.4,1.0
38,1,4,Chevrolet,2003,179,0.55,0.0
50,0,7,BMW,1994,179,2.3,1.0
39,0,10,Chevrolet,1993,129,0.95,1.0
51,0,20,Mazda,2002,126,1,1.0
36,0,5,Audi,1984,128,0.85,1.0
46,1,3,GMC,2001,171,0.9,1.0
36,0,13,Mitsubishi,2003,128,0.9,1.0
29,0,15,Ford,1994,94,0.75,1.0
26,0,5,Dodge,2004,357,0.6,0.0
44,1,20,Chevrolet,2011,151,0.9,1.0
52,1,12,Mazda,2009,160,1.55,1.0
34,1,25,Subaru,1994,151,0.95,1.0
53,1,16,Suzuki,2011,127,0.85,1.0
28,0,24,Audi,2011,142,0.95,1.0
56,0,5,GMC,1996,323,0.65,0.0
57,0,7,Kia,2006,133,2.45,1.0
27,1,15,GMC,1999,152,0.5,0.0
40,1,22,Ford,1995,87,0.55,0.0
55,0,3,BMW,1992,114,2.45,1.0
43,0,14,Hyundai,2003,91,0.6,0.0
47,1,15,Volkswagen,2010,88,2.3,1.0
40,0,15,Chevrolet,1972,139,0.8,1.0
44,0,18,Isuzu,1995,141,2.3,1.0
40,0,30,Saturn,2004,85,2.45,1.0
38,0,24,Lexus,1994,94,0.9,1.0
35,0,7,Lotus,1993,186,0.5,0.0
44,0,25,Ford,1985,83,0.85,1.0
49,1,22,Chrysler,2008,97,1.55,1.0
55,1,17,Chevrolet,1965,124,0.7,0.0
30,1,4,Volvo,2002,183,0.6,0.0
40,0,5,Suzuki,1984,296,0.55,0.0
30,0,4,Kia,2009,208,0.7,0.0
56,1,20,Mitsubishi,2009,110,2.45,1.0
35,0,20,Subaru,2006,115,0.8,1.0
42,1,17,Ford,1995,120,1.55,1.0
43,0,6,Plymouth,1993,369,0.55,0.0
46,0,1,MINI,2012,407,2.45,1.0
58,0,13,Mitsubishi,2009,138,0.65,0.0
41,1,3,Chevrolet,2006,144,2.45,1.0
39,0,6,Volkswagen,1997,259,1.55,1.0
54,1,5,Audi,1998,111,2.3,1.0
30,0,17,Dodge,2008,159,2.45,1.0
42,0,16,BMW,1996,157,0.7,0.0
41,0,5,Chrysler,2009,141,0.55,0.0
37,0,7,Dodge,1995,266,0.55,0.0
47,0,14,Subaru,1988,154,1,1.0
50,1,14,Ford,2006,86,0.5,0.0
41,0,13,Mercury,2008,146,0.55,0.0
39,1,20,Lamborghini,2001,135,0.85,1.0
50,0,16,BMW,2010,101,0.65,0.0
41,0,30,Pontiac,1991,140,1,1.0
38,1,5,Hyundai,1992,135,1.4,1.0
45,0,13,Audi,2009,115,0.7,0.0
46,0,12,Toyota,2004,80,2.3,1.0
41,0,12,Toyota,1997,298,2.3,1.0
24,0,19,Mitsubishi,1994,89,0.7,0.0
38,1,3,Ford,1995,197,0.8,1.0
34,1,5,Suzuki,2005,426,0.85,1.0
41,1,25,Hyundai,2006,158,0.55,0.0
41,1,5,Chevrolet,1999,247,2.45,1.0
43,0,10,Hyundai,2010,93,0.9,1.0
30,1,13,Buick,1995,158,1.55,1.0
45,0,22,Mercedes-Benz,2003,143,0.8,1.0
38,0,16,Mitsubishi,1991,148,0.55,0.0
38,0,5,Buick,1987,114,1.55,1.0
42,1,3,Buick,1989,98,0.85,1.0
50,1,7,Buick,2010,254,1,1.0
41,0,22,Volkswagen,1995,145,0.75,1.0
44,1,3,Pontiac,2003,826,0.95,1.0
54,0,24,Acura,2001,135,2.3,1.0
58,1,17,Suzuki,2008,118,2.45,1.0
40,0,17,GMC,2009,84,0.9,1.0
45,1,5,Kia,2007,162,2.3,1.0
28,0,2,Chrysler,1996,329,1.4,1.0
42,1,40,Cadillac,2012,155,0.6,0.0
50,0,30,GMC,2010,155,0.8,1.0
51,1,10,Mazda,2009,87,0.55,0.0
41,1,3,Mercury,1988,455,0.65,0.0
32,0,6,GMC,2010,341,1,1.0
31,1,5,Volkswagen,1999,141,0.55,0.0
60,1,5,Mercury,2004,218,1,1.0
52,1,21,Dodge,2009,154,1.55,1.0
38,0,20,Subaru,2005,122,1.4,1.0
53,1,10,Nissan,2008,96,0.8,1.0
43,0,19,Land Rover,1998,141,1,1.0
35,0,9,Pontiac,2003,89,0.8,1.0
39,0,8,Daewoo,2000,289,1,1.0
45,1,22,Land Rover,2008,86,0.75,1.0
27,1,7,GMC,1994,203,0.65,0.0
27,0,20,BMW,1993,124,0.65,0.0
46,0,14,Hummer,2006,127,1,1.0
44,0,4,BMW,2007,394,0.75,1.0
43,0,1,Mercury,2009,454,1.55,1.0
48,0,20,Volkswagen,1985,82,1.4,1.0
43,0,30,BMW,2009,132,0.5,0.0
54,0,15,Toyota,2010,102,0.9,1.0
41,1,39,Pontiac,1991,102,0.9,1.0
44,1,13,Volkswagen,1990,144,0.85,1.0
46,1,31,Buick,2000,140,1,1.0
42,1,20,Ford,2012,157,0.6,0.0
42,1,17,Oldsmobile,1997,117,2.45,1.0
44,1,17,Aptera,2009,160,1.4,1.0
54,0,1,GMC,1994,245,0.5,0.0
50,0,9,GMC,1993,147,0.55,0.0
24,1,32,Nissan,2012,126,0.6,0.0
52,0,6,Lincoln,2007,398,0.85,1.0
43,1,5,Aston Martin,2009,177,0.7,0.0
28,0,10,Buick,2007,152,1,1.0
39,1,10,Lexus,2012,81,0.7,0.0
28,0,10,Chevrolet,2011,137,1.4,1.0
42,0,7,Porsche,2008,110,0.5,0.0
49,1,22,Buick,1986,107,0.8,1.0
37,0,21,Mercedes-Benz,2002,191,1,1.0
31,0,14,Dodge,2001,157,0.55,0.0
40,0,15,Acura,1998,130,1.4,1.0
28,1,16,Maserati,1989,87,2.3,1.0
37,1,14,Volvo,2009,100,0.9,1.0
48,0,17,Toyota,2007,142,0.7,0.0
34,0,5,BMW,1998,149,0.7,0.0
41,0,8,Pontiac,1995,89,0.75,1.0
45,1,5,Jensen,1967,158,0.5,0.0
38,1,19,Nissan,2001,84,2.45,1.0
55,1,3,Volvo,1999,378,2.45,1.0
58,1,31,Honda,2012,112,1,1.0
53,1,36,Buick,1987,97,0.95,1.0
56,0,19,Hillman,1950,110,0.75,1.0
45,1,6,GMC,2008,160,0.85,1.0
42,0,3,Cadillac,2011,441,0.85,1.0
40,1,1,Volkswagen,2006,236,2.3,1.0
38,0,5,Volvo,2001,346,0.6,0.0
42,1,15,Isuzu,2001,133,0.6,0.0
37,0,35,Hyundai,2012,151,1.4,1.0
37,0,29,Chevrolet,2002,159,2.3,1.0
34,0,23,Chevrolet,2010,127,0.75,1.0
31,0,4,Porsche,2002,99,0.9,1.0
41,0,8,Dodge,1999,384,2.45,1.0
25,1,1,Mitsubishi,2009,692,0.8,1.0
52,1,8,Mercedes-Benz,2002,459,0.8,1.0
48,1,1,Nissan,1979,469,0.75,1.0
40,0,36,Tesla,2011,83,0.65,0.0
55,1,2,Cadillac,1996,330,0.95,1.0
44,0,5,Ford,2005,134,0.85,1.0
37,1,13,Audi,2009,154,1,1.0
41,1,28,GMC,2010,136,2.3,1.0
46,1,3,Suzuki,2008,252,0.75,1.0
51,0,27,Subaru,2010,97,2.3,1.0
56,1,6,Chevrolet,1993,168,0.85,1.0
33,0,9,Mercedes-Benz,1990,138,2.3,1.0
40,1,2,Toyota,2009,162,1.4,1.0
60,0,26,Volkswagen,2004,84,0.5,0.0
34,0,2,Lincoln,2010,408,0.85,1.0
40,1,3,Volvo,2010,100,1.55,1.0
44,0,5,Hyundai,2013,442,0.5,0.0
39,0,20,Volkswagen,2012,92,2.45,1.0
44,1,17,Maserati,2002,84,1.55,1.0
57,0,6,Lexus,2004,452,0.55,0.0
44,0,6,Ford,1989,107,2.45,1.0
52,1,5,Hummer,2008,166,0.85,1.0
33,1,1,Ford,2005,697,0.65,0.0
47,0,4,Ford,2002,104,1,1.0
51,1,17,Suzuki,1996,130,1,1.0
47,1,1,Dodge,1995,348,1.4,1.0
51,1,36,BMW,2003,80,0.85,1.0
40,1,7,Saab,1994,122,0.8,1.0
19,1,11,Jeep,2010,88,0.5,0.0
59,0,10,Infiniti,2011,133,2.45,1.0
45,0,2,Audi,1999,173,0.8,1.0
39,0,1,Buick,1992,411,2.3,1.0
42,1,7,Saturn,2005,357,2.3,1.0
44,1,31,Chevrolet,1996,95,2.45,1.0
51,0,22,Lincoln,1992,104,0.85,1.0
38,0,23,Pontiac,1969,102,0.85,1.0
46,1,12,Mazda,2011,100,0.8,1.0
38,0,14,Mercedes-Benz,1992,155,0.95,1.0
38,1,7,Studebaker,1961,197,0.5,0.0
62,1,18,Chevrolet,2007,130,0.6,0.0
51,0,6,Mitsubishi,2002,163,0.6,0.0
54,1,2,Lamborghini,2006,194,2.3,1.0
22,0,3,Honda,2012,487,2.3,1.0
55,0,6,Toyota,2004,96,1,1.0
47,1,3,Cadillac,1992,404,0.75,1.0
37,0,28,Audi,1991,118,0.55,0.0
41,0,17,Pontiac,2005,100,0.55,0.0
39,0,24,Subaru,2003,124,0.55,0.0
32,0,1,Ford,2012,123,0.9,1.0
64,1,1,Audi,2002,227,1,1.0
58,1,4,Jaguar,1994,253,1.55,1.0
35,1,8,Subaru,2001,88,1,1.0
55,1,14,Mazda,2012,142,0.5,0.0
29,1,2,Mercury,1992,471,0.6,0.0
36,1,17,Mazda,2007,140,1.55,1.0
61,0,7,Lincoln,2007,240,0.65,0.0
55,1,11,Dodge,2009,82,0.6,0.0
50,1,1,Mitsubishi,2001,244,0.5,0.0
57,0,38,Audi,1993,145,0.8,1.0
56,0,17,Studebaker,1964,132,0.55,0.0
47,1,25,Porsche,1990,118,0.75,1.0
45,0,16,Honda,2001,153,0.8,1.0
57,0,4,Buick,1998,406,1,1.0
37,0,6,Ford,1999,443,0.55,0.0
33,0,8,Buick,1995,172,0.6,0.0
45,0,5,Lotus,1989,489,0.65,0.0
51,0,18,Ford,1966,96,0.8,1.0
41,0,13,Ford,2009,144,0.8,1.0
66,1,5,Nissan,2008,149,2.45,1.0
51,1,16,GMC,1995,95,0.95,1.0
55,0,25,Dodge,1992,81,1,1.0
50,0,20,Land Rover,1986,87,2.3,1.0
41,1,6,Chrysler,2000,139,2.45,1.0
51,1,16,Acura,1997,109,0.75,1.0
30,0,20,Cadillac,2008,522,0.85,1.0
55,0,25,Mercedes-Benz,2011,118,0.7,0.0
54,1,2,Honda,1999,228,0.8,1.0
43,0,15,Chrysler,2007,104,0.6,0.0
41,0,6,Jaguar,2006,172,0.5,0.0
45,0,16,Audi,1992,156,0.95,1.0
52,0,20,BMW,2007,114,2.45,1.0
39,1,20,Subaru,2010,117,0.85,1.0
44,0,10,Toyota,2008,95,0.95,1.0
43,0,19,Chevrolet,2006,120,0.85,1.0
47,1,20,Buick,2005,121,0.5,0.0
62,1,16,Hyundai,2002,160,0.9,1.0
49,1,5,GMC,2000,241,0.55,0.0
35,0,17,Mercury,1984,138,0.7,0.0
42,0,18,Mercedes-Benz,2012,149,0.75,1.0
35,0,7,Toyota,1982,486,1,1.0
44,1,1,Maserati,1989,138,0.7,0.0
35,0,38,Chevrolet,1996,138,0.8,1.0
33,1,10,Aston Martin,2012,157,0.85,1.0
40,0,22,BMW,1997,89,0.9,1.0
55,1,1,Volkswagen,2012,548,0.7,0.0
31,1,1,Nissan,2012,409,1.55,1.0
32,0,6,Audi,2001,195,0.95,1.0
37,0,9,Mitsubishi,2001,138,1.4,1.0
59,1,32,Chrysler,2004,130,1,1.0
47,1,16,Dodge,1993,159,1.4,1.0
55,0,11,Toyota,2010,104,0.75,1.0
48,1,26,Ford,1983,124,1,1.0
52,1,15,Ford,1997,91,0.65,0.0
43,1,16,Jaguar,2004,105,0.7,0.0
38,1,32,Ford,1992,124,0.8,1.0
65,1,26,Ford,1996,142,0.85,1.0
44,1,4,Dodge,2001,114,1,1.0
52,1,6,Honda,2006,394,0.7,0.0
44,1,1,GMC,1997,275,0.75,1.0
55,0,20,Ford,2008,118,1.4,1.0
47,1,7,GMC,2008,489,2.45,1.0
35,0,22,Toyota,1995,621,1.4,1.0
30,1,29,Citroën,1948,122,0.55,0.0
49,1,7,Ford,1979,96,0.75,1.0
52,0,1,Pontiac,2001,318,0.7,0.0
37,0,1,Maserati,2010,620,0.9,1.0
59,0,24,Dodge,2004,92,0.7,0.0
32,0,32,Dodge,1996,113,0.75,1.0
35,1,5,Ford,1997,126,0.95,1.0
33,0,1,Geo,1992,143,0.85,1.0
45,0,30,Honda,2010,127,0.9,1.0
54,0,13,Chrysler,1994,85,0.55,0.0
63,0,2,GMC,1995,180,0.55,0.0
45,0,16,Mazda,1990,158,2.45,1.0
46,0,15,Isuzu,1996,97,0.6,0.0
56,0,7,Dodge,1998,170,0.5,0.0
59,0,8,Ford,1989,298,1.55,1.0
43,0,22,Kia,2009,140,0.85,1.0
44,0,39,Honda,2012,155,1.4,1.0
66,0,25,Pontiac,1983,157,0.65,0.0
37,1,30,Toyota,2001,130,0.5,0.0
46,0,8,Mazda,1985,383,0.55,0.0
42,0,39,Audi,1998,118,0.9,1.0
66,0,23,Mitsubishi,2007,117,0.7,0.0
49,0,5,GMC,1996,278,0.5,0.0
38,0,12,Lincoln,1987,122,0.85,1.0
49,1,5,Land Rover,2002,181,0.75,1.0
27,1,22,Lincoln,2008,141,0.75,1.0
46,0,21,Chevrolet,2009,128,0.5,0.0
39,1,10,Toyota,1992,144,0.9,1.0
45,0,3,Chevrolet,1993,147,0.85,1.0
59,1,8,Toyota,1998,127,1.4,1.0
38,0,5,Subaru,1991,129,0.95,1.0
44,1,15,Hyundai,2010,84,0.85,1.0
49,1,10,Pontiac,1989,120,0.5,0.0
40,1,25,Subaru,1994,91,2.45,1.0
46,1,40,GMC,1994,146,1.4,1.0
39,0,6,Lexus,2010,316,0.75,1.0
50,0,10,Acura,2000,132,0.75,1.0
46,0,20,Spyker,2006,108,0.85,1.0
40,0,5,Audi,1990,253,0.85,1.0
37,0,3,GMC,2002,89,2.3,1.0
55,0,12,BMW,2007,104,1.4,1.0
40,1,37,Mitsubishi,1994,147,0.6,0.0
46,1,16,Lamborghini,1996,112,1.4,1.0
41,1,22,BMW,2013,134,2.45,1.0
26,0,36,Volkswagen,1993,133,0.8,1.0
43,1,8,Chrysler,2007,364,1,1.0
34,0,5,Cadillac,1992,483,0.8,1.0
42,0,25,Subaru,1996,80,0.7,0.0
54,0,39,Mazda,1997,99,0.9,1.0
46,0,8,Volvo,2004,191,1.55,1.0
44,0,18,Dodge,1996,111,0.6,0.0
51,1,21,Volkswagen,1998,96,1.55,1.0
58,0,12,Mazda,2013,635,1,1.0
56,1,3,Volvo,2010,153,0.65,0.0
40,0,26,Infiniti,2012,244,1.55,1.0
54,1,1,Mitsubishi,1994,96,1.4,1.0
38,1,3,Buick,1989,209,1.4,1.0
41,1,28,Pontiac,1965,106,0.55,0.0
45,1,29,Cadillac,2011,95,0.9,1.0
33,1,7,Saab,2008,176,0.55,0.0
56,1,18,Nissan,2000,97,2.45,1.0
52,0,8,Ford,1967,159,0.9,1.0
41,0,14,GMC,2011,136,1,1.0
46,0,13,Pontiac,1995,105,0.95,1.0
39,0,16,Lincoln,1987,514,0.85,1.0
57,1,39,Chevrolet,1999,104,0.75,1.0
33,0,1,Infiniti,2003,195,1,1.0
60,1,4,GMC,2004,202,0.7,0.0
53,1,4,Chevrolet,2003,179,0.9,1.0
47,0,7,BMW,1994,179,2.3,1.0
52,0,10,Chevrolet,1993,129,0.6,0.0
36,1,20,Mazda,2002,126,0.9,1.0
46,1,5,Audi,1984,128,1,1.0
43,0,3,GMC,2001,171,2.45,1.0
45,0,13,Mitsubishi,2003,128,1.55,1.0
44,0,15,Ford,1994,94,0.9,1.0
60,0,5,Dodge,2004,357,0.6,0.0
54,1,20,Chevrolet,2011,151,0.8,1.0
39,0,12,Mazda,2009,160,0.85,1.0
46,1,25,Subaru,1994,151,0.5,0.0
48,1,16,Suzuki,2011,127,2.3,1.0
36,0,24,Audi,2011,142,0.95,1.0
40,1,5,GMC,1996,323,0.85,1.0
49,1,7,Kia,2006,133,0.55,0.0
45,1,15,GMC,1999,152,1.55,1.0
50,1,22,Ford,1995,87,0.65,0.0
46,0,3,BMW,1992,114,0.6,0.0
29,1,14,Hyundai,2003,91,0.7,0.0
46,1,15,Volkswagen,2010,88,0.7,0.0
59,0,15,Chevrolet,1972,139,1.4,1.0
42,1,18,Isuzu,1995,141,1,1.0
46,1,30,Saturn,2004,85,0.55,0.0
34,1,24,Lexus,1994,94,0.55,0.0
58,1,7,Lotus,1993,186,0.9,1.0
40,0,25,Ford,1985,83,0.9,1.0
53,0,22,Chrysler,2008,97,0.6,0.0
40,0,17,Chevrolet,1965,124,1.55,1.0
38,0,4,Volvo,2002,183,0.9,1.0
40,0,5,Suzuki,1984,296,2.45,1.0
44,0,4,Kia,2009,208,0.95,1.0
49,1,20,Mitsubishi,2009,110,0.55,0.0
42,0,20,Subaru,2006,115,0.85,1.0
39,0,17,Ford,1995,120,0.7,0.0
46,0,6,Plymouth,1993,369,0.65,0.0
50,0,1,MINI,2012,407,0.65,0.0
32,0,13,Mitsubishi,2009,138,2.3,1.0
43,1,3,Chevrolet,2006,144,0.55,0.0
48,0,6,Volkswagen,1997,259,1.55,1.0
54,1,5,Audi,1998,111,0.5,0.0
49,0,17,Dodge,2008,159,2.3,1.0
39,0,16,BMW,1996,157,0.5,0.0
57,1,5,Chrysler,2009,141,0.7,0.0
46,1,7,Dodge,1995,266,0.6,0.0
50,1,14,Subaru,1988,154,1.4,1.0
41,0,14,Ford,2006,86,0.8,1.0
50,1,13,Mercury,2008,146,1.55,1.0
43,0,20,Lamborghini,2001,135,0.6,0.0
44,0,16,BMW,2010,101,2.3,1.0
40,0,30,Pontiac,1991,140,2.3,1.0
51,1,5,Hyundai,1992,135,1,1.0
46,0,13,Audi,2009,115,0.9,1.0
57,0,12,Toyota,2004,80,2.3,1.0
49,1,12,Toyota,1997,298,2.3,1.0
42,1,19,Mitsubishi,1994,89,0.85,1.0
51,1,3,Ford,1995,197,0.65,0.0
50,0,5,Suzuki,2005,426,1.55,1.0
39,0,25,Hyundai,2006,158,0.8,1.0
53,1,5,Chevrolet,1999,247,0.7,0.0
35,0,10,Hyundai,2010,93,0.7,0.0
42,0,13,Buick,1995,158,0.6,0.0
47,1,22,Mercedes-Benz,2003,143,0.7,0.0
63,0,16,Mitsubishi,1991,148,1.4,1.0
45,1,5,Buick,1987,114,0.55,0.0
59,0,3,Buick,1989,98,0.65,0.0
45,0,7,Buick,2010,254,0.5,0.0
48,1,22,Volkswagen,1995,145,1,1.0
46,1,3,Pontiac,2003,826,0.95,1.0
54,1,24,Acura,2001,135,2.45,1.0
41,0,17,Suzuki,2008,118,0.5,0.0
46,0,17,GMC,2009,84,2.3,1.0
49,0,5,Kia,2007,162,0.9,1.0
51,1,2,Chrysler,1996,329,0.5,0.0
47,0,40,Cadillac,2012,155,0.85,1.0
35,0,30,GMC,2010,155,0.5,0.0
35,0,10,Mazda,2009,87,1,1.0
34,0,3,Mercury,1988,455,2.45,1.0
45,1,6,GMC,2010,341,0.65,0.0
55,1,5,Volkswagen,1999,141,0.85,1.0
54,0,5,Mercury,2004,218,1.4,1.0
60,0,21,Dodge,2009,154,2.45,1.0
48,0,20,Subaru,2005,122,0.95,1.0
52,0,10,Nissan,2008,96,0.5,0.0
35,0,19,Land Rover,1998,141,0.7,0.0
52,0,9,Pontiac,2003,89,0.7,0.0
45,0,8,Daewoo,2000,289,0.95,1.0
36,1,22,Land Rover,2008,86,0.65,0.0
57,1,7,GMC,1994,203,2.45,1.0
33,0,20,BMW,1993,124,2.45,1.0
49,1,14,Hummer,2006,127,0.5,0.0
45,1,4,BMW,2007,394,0.9,1.0
56,0,1,Mercury,2009,454,0.75,1.0
50,0,20,Volkswagen,1985,82,1.55,1.0
53,1,30,BMW,2009,132,0.85,1.0
34,0,15,Toyota,2010,102,0.8,1.0
41,0,39,Pontiac,1991,102,0.95,1.0
42,1,13,Volkswagen,1990,144,1,1.0
52,1,31,Buick,2000,140,0.6,0.0
36,0,20,Ford,2012,157,0.95,1.0
60,0,17,Oldsmobile,1997,117,1.55,1.0
29,0,17,Aptera,2009,160,0.85,1.0
60,0,1,GMC,1994,245,2.3,1.0
30,1,9,GMC,1993,147,2.45,1.0
43,1,32,Nissan,2012,126,2.45,1.0
50,0,6,Lincoln,2007,398,0.95,1.0
37,1,5,Aston Martin,2009,177,0.95,1.0
61,1,10,Buick,2007,152,0.5,0.0
43,0,10,Lexus,2012,81,0.5,0.0
33,0,10,Chevrolet,2011,137,0.7,0.0
52,0,7,Porsche,2008,110,0.55,0.0
47,1,22,Buick,1986,107,2.3,1.0
41,1,21,Mercedes-Benz,2002,191,1.55,1.0
46,0,14,Dodge,2001,157,0.8,1.0
41,0,15,Acura,1998,130,0.85,1.0
46,0,16,Maserati,1989,87,0.9,1.0
24,1,14,Volvo,2009,100,0.8,1.0
40,0,17,Toyota,2007,142,2.45,1.0
37,0,5,BMW,1998,149,2.3,1.0
42,0,8,Pontiac,1995,89,2.3,1.0
30,1,5,Jensen,1967,158,0.7,0.0
48,0,19,Nissan,2001,84,0.9,1.0
39,0,3,Volvo,1999,378,1.4,1.0
43,0,31,Honda,2012,112,0.5,0.0
61,1,36,Buick,1987,97,1.55,1.0
48,1,19,Hillman,1950,110,0.55,0.0
39,1,6,GMC,2008,160,0.75,1.0
51,0,3,Cadillac,2011,441,0.7,0.0
36,1,1,Volkswagen,2006,236,1.55,1.0
59,0,5,Volvo,2001,346,0.75,1.0
37,0,15,Isuzu,2001,133,0.9,1.0
49,0,35,Hyundai,2012,151,0.7,0.0
39,0,29,Chevrolet,2002,159,1.4,1.0
53,0,23,Chevrolet,2010,127,0.9,1.0
48,1,4,Porsche,2002,99,1.55,1.0
36,0,8,Dodge,1999,384,0.75,1.0
46,0,1,Mitsubishi,2009,692,1,1.0
29,0,8,Mercedes-Benz,2002,459,0.75,1.0
57,0,1,Nissan,1979,469,0.65,0.0
40,0,36,Tesla,2011,83,2.3,1.0
26,0,2,Cadillac,1996,330,0.9,1.0
51,0,1,Ford,2004,522,0.9,1.0
40,1,16,Buick,1986,691,0.85,1.0
55,1,15,Chevrolet,2009,133,0.5,0.0
44,0,9,Oldsmobile,1995,146,0.8,1.0
32,0,33,Ford,2012,128,1.4,1.0
36,0,18,Pontiac,2000,144,0.85,1.0
54,1,31,Mazda,2009,151,1,1.0
46,0,21,Ford,1989,88,0.6,0.0
41,1,34,Acura,2010,653,0.6,0.0
45,0,19,Ford,2004,120,0.5,0.0
51,0,20,Lexus,2006,150,2.3,1.0
43,0,5,Dodge,2005,423,0.95,1.0
44,0,36,Eagle,1994,104,0.55,0.0
28,0,2,Chevrolet,1997,87,0.6,0.0
61,0,5,Land Rover,2008,191,0.55,0.0
41,1,18,Pontiac,1999,138,1,1.0
42,0,6,Toyota,2005,94,1,1.0
39,0,22,Dodge,2003,82,0.85,1.0
43,1,1,Hyundai,2012,338,0.75,1.0
34,0,8,Volvo,2002,213,0.85,1.0
41,1,22,Mercedes-Benz,2009,86,0.9,1.0
53,1,13,Mazda,1995,137,0.7,0.0
32,0,24,Mazda,1992,154,0.6,0.0
38,0,16,GMC,1992,120,0.8,1.0
51,1,24,BMW,2012,144,0.95,1.0
54,0,18,Lamborghini,1995,125,0.8,1.0
50,0,2,Mitsubishi,1995,110,0.7,0.0
46,1,39,Porsche,1986,116,2.3,1.0
44,0,17,Ford,1992,93,1.55,1.0
48,0,24,Toyota,1995,130,0.65,0.0
52,0,5,Honda,1994,122,0.75,1.0
34,1,6,Volkswagen,2012,306,0.75,1.0
49,1,1,Chevrolet,2010,159,1,1.0
53,0,11,Chevrolet,1969,135,1.55,1.0
39,0,13,Honda,1995,160,0.6,0.0
51,1,15,Chevrolet,2003,80,0.55,0.0
46,1,16,Mercedes-Benz,2011,153,0.5,0.0
35,0,1,Lincoln,2013,484,0.65,0.0
43,1,3,Lincoln,1990,207,0.85,1.0
50,1,16,Saab,1998,142,0.9,1.0
38,0,7,Chevrolet,1999,95,0.6,0.0
39,0,8,Chrysler,1994,120,0.55,0.0
46,0,18,Toyota,1997,84,0.8,1.0
43,0,4,Suzuki,2000,153,0.65,0.0
47,1,3,Chevrolet,2005,250,0.9,1.0
52,1,1,Mercedes-Benz,2000,453,1.55,1.0
53,0,12,BMW,2004,118,2.45,1.0
39,0,5,Honda,2001,271,0.95,1.0
38,0,24,Dodge,2002,154,0.65,0.0
50,0,2,Subaru,1990,154,0.75,1.0
51,1,6,Mercedes-Benz,1997,177,1,1.0
54,1,13,Mitsubishi,2000,135,0.95,1.0
39,0,1,Pontiac,2003,85,0.85,1.0
36,0,32,Audi,2006,122,0.9,1.0
36,1,13,Porsche,2001,83,0.65,0.0
54,0,1,Toyota,1995,93,0.6,0.0
41,0,8,Ram,2011,89,2.3,1.0
42,0,16,Mitsubishi,1992,101,1.4,1.0
42,0,5,Mercury,2002,96,2.45,1.0
39,0,8,Acura,2010,301,1.55,1.0
57,0,30,Toyota,1996,99,0.95,1.0
41,0,24,Cadillac,1993,106,0.5,0.0
47,1,17,Mercedes-Benz,1997,117,0.95,1.0
51,0,10,Pontiac,1987,80,0.5,0.0
42,1,8,Buick,1988,500,1.4,1.0
49,1,10,Hyundai,1997,104,0.9,1.0
49,0,26,Lincoln,2002,136,0.85,1.0
32,1,1,Suzuki,1992,645,0.55,0.0
47,1,17,Maserati,1990,123,0.85,1.0
37,0,14,Chrysler,2007,125,0.7,0.0
51,1,7,Ford,2004,209,0.5,0.0
35,1,24,Audi,1994,107,0.85,1.0
53,1,8,Pontiac,2002,314,0.95,1.0
43,0,9,Nissan,2009,258,0.65,0.0
39,0,19,GMC,1997,93,1.4,1.0
52,1,28,Audi,2012,105,0.5,0.0
36,0,8,BMW,1997,487,1,1.0
39,0,7,Toyota,2005,405,0.8,1.0
52,1,20,Cadillac,1997,154,0.9,1.0
53,1,11,Mitsubishi,2004,101,0.55,0.0
37,0,29,Jensen,1966,150,0.9,1.0
57,0,15,Toyota,1987,139,0.6,0.0
41,0,5,Nissan,2003,380,0.8,1.0
39,1,26,Toyota,1996,95,0.65,0.0
35,0,2,Mercedes-Benz,1987,182,1.4,1.0
45,0,25,Mitsubishi,1987,107,0.85,1.0
39,0,8,Studebaker,1961,96,1.4,1.0
43,0,2,GMC,2004,237,0.65,0.0
51,1,16,GMC,2012,123,0.75,1.0
44,1,18,Lotus,2007,108,0.8,1.0
34,0,13,Ford,2008,99,1,1.0
51,0,24,Subaru,1990,400,0.55,0.0
34,0,9,Mazda,2003,152,2.3,1.0
43,0,5,GMC,1998,97,0.9,1.0
41,0,24,Chevrolet,1994,92,0.95,1.0
42,1,5,Chevrolet,2009,215,0.5,0.0
38,1,22,Volkswagen,1991,102,0.6,0.0
36,1,11,Mercedes-Benz,1984,136,1,1.0
34,0,7,Pontiac,1966,175,1.4,1.0
49,1,8,Mercury,1986,81,1,1.0
26,0,7,Saturn,1998,180,0.8,1.0
42,0,2,Volkswagen,1994,207,2.45,1.0
44,1,7,Mazda,2010,111,0.95,1.0
55,1,7,Mercedes-Benz,2000,349,0.7,0.0
30,1,20,Chevrolet,2006,116,0.9,1.0
39,0,6,Lexus,1998,297,1.4,1.0
36,0,5,Honda,1997,303,0.55,0.0
45,1,12,Ford,1998,100,1,1.0
49,0,6,Volkswagen,1991,156,0.75,1.0
50,1,5,Acura,2000,408,0.95,1.0
58,1,21,Subaru,2000,158,0.6,0.0
56,0,22,Chevrolet,1999,119,0.85,1.0
37,1,21,Maybach,2005,123,0.6,0.0
46,0,3,Pontiac,2002,81,1.4,1.0
41,0,20,Chevrolet,2005,87,0.65,0.0
45,0,1,Lincoln,1995,293,1.4,1.0
53,1,10,Toyota,2001,126,1.4,1.0
51,1,6,Lincoln,2011,288,2.3,1.0
51,1,11,Nissan,2000,92,1.55,1.0
33,0,17,Nissan,2011,154,1,1.0
43,0,3,Chevrolet,2009,386,0.8,1.0
47,1,24,Volkswagen,2000,116,0.55,0.0
55,1,36,Mazda,1997,491,0.7,0.0
43,0,7,Subaru,2004,264,0.95,1.0
38,1,3,Daewoo,2000,113,0.5,0.0
51,1,25,Chevrolet,1995,86,1.4,1.0
36,0,9,Chevrolet,2007,627,0.55,0.0
31,0,14,Mazda,2004,95,0.5,0.0
38,1,15,Cadillac,2011,90,2.3,1.0
47,1,8,Buick,1993,83,0.5,0.0
36,1,1,Mercedes-Benz,2010,432,0.75,1.0
38,0,19,Citroën,1989,132,2.45,1.0
43,0,3,Volkswagen,1994,447,0.75,1.0
41,1,15,Alfa Romeo,1994,130,1.4,1.0
50,0,5,Lexus,2011,478,1.4,1.0
53,1,24,Mitsubishi,1986,106,1.4,1.0
46,0,28,Lotus,1985,153,1.55,1.0
55,0,5,Land Rover,1990,83,0.55,0.0
63,1,4,Chevrolet,2002,169,2.45,1.0
40,1,14,Chrysler,1997,146,1,1.0
35,1,1,Mercury,1988,132,0.5,0.0
55,0,4,Oldsmobile,1998,440,1.55,1.0
38,1,22,Volkswagen,2002,104,0.85,1.0
60,0,2,Scion,2011,364,0.9,1.0
29,0,19,Ram,2011,157,0.6,0.0
48,0,8,GMC,2004,443,0.95,1.0
58,1,23,Ford,2002,143,0.95,1.0
40,1,17,Ford,2005,159,0.6,0.0
43,0,5,Ford,2008,394,0.65,0.0
40,0,20,Lincoln,2013,114,0.8,1.0
47,1,20,GMC,1992,85,1.55,1.0
42,0,19,Porsche,2002,119,1.4,1.0
48,1,15,Toyota,2009,121,0.55,0.0
47,1,5,Chevrolet,1997,666,0.9,1.0
46,1,4,Buick,2000,468,0.65,0.0
52,1,7,Toyota,2007,179,0.5,0.0
44,0,4,Lexus,2013,184,0.6,0.0
31,0,6,Subaru,2000,253,0.95,1.0
52,0,6,Ford,2006,435,0.8,1.0
51,0,6,Ford,1985,126,2.45,1.0
35,1,19,Chevrolet,1996,127,1.4,1.0
49,0,6,Chevrolet,1998,118,2.3,1.0
53,1,17,Oldsmobile,1996,104,0.5,0.0
31,0,5,Jeep,1998,84,0.65,0.0
50,0,2,Mercedes-Benz,2004,383,0.5,0.0
48,0,36,Chevrolet,2010,427,1.4,1.0
51,0,19,Toyota,1995,122,0.5,0.0
53,1,18,Porsche,2002,118,0.8,1.0
54,0,3,Toyota,2008,107,0.8,1.0
47,0,2,Oldsmobile,1996,446,0.65,0.0
43,0,8,Chevrolet,1980,161,1.55,1.0
48,1,39,Ford,1983,94,0.85,1.0
38,0,38,Chevrolet,2004,108,0.5,0.0
30,0,1,Toyota,2000,101,2.45,1.0
45,1,6,Subaru,1988,399,1.4,1.0
37,0,1,Cadillac,2009,105,1.4,1.0
43,1,17,Infiniti,2009,126,0.9,1.0
43,1,5,Nissan,2003,107,0.85,1.0
51,0,2,Chevrolet,2006,230,2.45,1.0
56,0,6,Chevrolet,1999,100,0.85,1.0
28,1,25,Volkswagen,1988,125,1.55,1.0
44,0,18,Nissan,2011,94,1.4,1.0
42,1,7,Buick,1989,332,2.3,1.0
27,0,8,Ford,1992,410,0.7,0.0
46,0,18,Dodge,2003,114,0.65,0.0
43,0,3,Mitsubishi,1997,245,1,1.0
47,1,3,Chrysler,1999,151,1.55,1.0
34,0,10,Buick,2007,114,0.7,0.0
33,1,5,Mitsubishi,2002,424,0.65,0.0
48,0,20,Ford,1970,126,0.8,1.0
59,1,4,BMW,1993,389,2.45,1.0
55,0,7,Volkswagen,2011,164,0.85,1.0
44,0,13,Nissan,2005,111,1,1.0
39,1,1,Acura,2011,415,0.95,1.0
37,0,27,Toyota,1999,82,0.75,1.0
45,0,5,Chevrolet,1992,435,0.95,1.0
35,1,19,Mercury,2002,157,2.45,1.0
60,0,11,BMW,2000,104,0.95,1.0
46,1,21,Geo,1993,90,1,1.0
57,1,36,Chevrolet,2002,123,0.65,0.0
49,0,32,Saab,2008,87,2.45,1.0
28,1,2,BMW,2012,122,0.75,1.0
53,1,9,Maserati,2005,106,0.9,1.0
37,0,8,Audi,2011,179,0.85,1.0
45,0,13,Cadillac,2007,110,2.45,1.0
47,1,17,Chevrolet,1993,102,0.9,1.0
40,1,6,Nissan,2010,101,0.9,1.0
45,1,31,Ford,2008,143,0.9,1.0
58,1,30,Pontiac,2006,124,0.8,1.0
48,1,19,Maybach,2008,98,0.65,0.0
46,1,4,Pontiac,2004,440,0.85,1.0
32,1,20,Mitsubishi,2000,157,0.5,0.0
54,1,25,Dodge,1993,155,0.9,1.0
51,1,5,Dodge,2011,125,0.9,1.0
48,0,25,Chevrolet,2007,81,2.3,1.0
39,0,7,Chrysler,1994,99,1.55,1.0
42,1,16,Chevrolet,1999,152,2.3,1.0
53,0,21,Nissan,2000,88,2.45,1.0
39,0,22,Ford,2005,157,1.4,1.0
44,0,18,Plymouth,1999,143,1.4,1.0
56,1,15,Buick,2005,103,1.55,1.0
49,0,7,Lincoln,1989,400,1,1.0
43,0,10,Honda,2000,138,0.65,0.0
46,1,21,Oldsmobile,2003,102,0.55,0.0
37,0,10,Mazda,2003,112,1.55,1.0
33,0,1,Ford,1999,344,0.95,1.0
37,1,5,Dodge,2012,324,0.8,1.0
22,1,7,Nissan,1998,159,0.85,1.0
44,0,5,Audi,2001,489,2.45,1.0
55,0,5,GMC,2007,107,2.3,1.0
60,0,5,Dodge,2009,114,0.65,0.0
36,1,38,Mazda,2011,159,0.65,0.0
60,0,4,Mercedes-Benz,2005,228,2.45,1.0
53,1,25,Ford,2001,126,1.4,1.0
45,0,28,Pontiac,1962,86,0.8,1.0
43,0,25,Mazda,1997,126,2.45,1.0
43,0,6,Toyota,2011,190,2.45,1.0
49,0,28,Ferrari,2009,81,0.8,1.0
36,1,25,Pontiac,1997,112,0.65,0.0
50,0,17,Mercury,2006,100,0.8,1.0
64,1,3,Suzuki,2007,498,0.9,1.0
56,0,19,Nissan,1998,127,0.8,1.0
41,0,4,Buick,1989,428,1.4,1.0
42,0,29,GMC,1992,146,1.55,1.0
47,1,5,Audi,2004,159,1,1.0
60,0,21,Audi,1993,88,2.3,1.0
45,0,17,Mercury,1985,133,2.3,1.0
53,0,24,Mercedes-Benz,2011,152,1.4,1.0
51,1,39,Chrysler,1993,512,0.85,1.0
49,1,23,BMW,2012,157,0.55,0.0
53,0,15,Suzuki,1999,585,1,1.0
55,0,17,Fillmore,1960,82,0.8,1.0
52,1,8,Infiniti,2003,235,0.5,0.0
45,1,26,Chevrolet,1993,118,0.8,1.0
41,0,5,Toyota,2006,236,0.5,0.0
45,1,22,Buick,2012,100,1.4,1.0
36,0,13,Mercedes-Benz,1992,118,0.5,0.0
32,0,6,Mercedes-Benz,1992,451,0.55,0.0
65,1,8,Chevrolet,1996,176,1,1.0
43,1,4,Saab,2006,195,0.55,0.0
44,0,36,Isuzu,2003,140,1.4,1.0
49,1,5,Buick,1990,180,0.9,1.0
41,1,14,Lotus,2007,84,1.4,1.0
35,1,17,Ford,2001,80,0.75,1.0
41,1,10,GMC,2011,128,1,1.0
56,1,23,Toyota,2001,89,0.8,1.0
35,0,13,Mercedes-Benz,1998,121,0.85,1.0
51,1,15,Hyundai,2003,80,0.55,0.0
43,1,6,Land Rover,1994,135,0.5,0.0
41,0,13,Dodge,1993,159,0.95,1.0
56,1,1,Hyundai,2002,286,0.8,1.0
37,1,3,Mercedes-Benz,1998,248,0.7,0.0
40,1,4,Dodge,2011,186,2.45,1.0
41,1,5,Lincoln,2011,94,1.4,1.0
45,1,16,Dodge,2006,149,1.55,1.0
57,1,13,Volkswagen,1988,125,2.45,1.0
64,1,8,Land Rover,2003,100,0.8,1.0
36,0,28,Subaru,2006,134,0.75,1.0
50,1,20,Mercedes-Benz,2003,357,1.4,1.0
38,1,35,Buick,2002,107,0.8,1.0
28,0,22,Dodge,1997,98,2.45,1.0
38,0,35,GMC,2002,111,0.7,0.0
57,0,23,Ford,2005,94,2.45,1.0
58,0,15,BMW,2009,104,0.55,0.0
49,1,12,Acura,2002,148,0.65,0.0
51,0,10,Cadillac,1997,93,0.6,0.0
41,0,13,Honda,2006,112,1,1.0
49,0,15,Mercury,1993,119,0.95,1.0
62,0,26,Chevrolet,1992,108,0.65,0.0
56,0,9,Pontiac,1984,158,1.55,1.0
45,0,15,Dodge,1995,128,1.55,1.0
31,0,13,Dodge,2010,106,1,1.0
46,0,16,BMW,2004,154,0.7,0.0
57,0,3,Rolls-Royce,2005,299,0.95,1.0
53,0,12,Ford,1999,90,0.9,1.0
55,1,5,Nissan,2009,108,0.8,1.0
39,0,4,Toyota,1997,220,2.3,1.0
44,0,7,Toyota,2001,159,1.4,1.0
48,0,5,Isuzu,1994,245,0.55,0.0
47,0,3,Buick,1991,253,2.45,1.0
27,0,13,Honda,2011,96,1.4,1.0
47,0,28,Volvo,2007,150,0.9,1.0
53,1,40,GMC,2010,148,0.85,1.0
48,1,17,Suzuki,1992,159,0.8,1.0
42,1,3,Volvo,2007,118,0.95,1.0
55,0,19,Mazda,1985,143,0.55,0.0
30,0,5,Ford,2004,156,1.4,1.0
47,1,11,Mitsubishi,2011,143,2.45,1.0
52,1,4,Chevrolet,2000,158,0.7,0.0
41,0,3,Chevrolet,1993,185,0.9,1.0
42,0,5,Geo,1997,135,2.45,1.0
32,0,4,Toyota,2003,583,1,1.0
27,1,3,Cadillac,2004,376,0.55,0.0
45,1,8,Mercury,1991,361,0.5,0.0
38,1,36,Pontiac,1973,81,1.4,1.0
53,1,11,Ford,2004,119,0.5,0.0
34,0,5,Toyota,2012,118,0.75,1.0
46,1,10,Lincoln,1987,80,0.7,0.0
39,0,6,Pontiac,1994,130,1.55,1.0
39,1,25,Ford,1989,80,0.6,0.0
36,0,9,GMC,2013,111,0.75,1.0
51,0,20,BMW,2010,111,0.9,1.0
41,1,6,Porsche,1999,388,0.6,0.0
55,0,6,Ford,1997,149,0.7,0.0
27,0,20,Mercedes-Benz,2011,138,2.3,1.0
36,0,3,Buick,1993,495,0.5,0.0
48,1,25,Toyota,1999,111,1,1.0
40,0,21,Chevrolet,2012,127,0.95,1.0
40,1,37,Mercedes-Benz,2008,673,2.45,1.0
41,0,18,Chevrolet,1991,98,0.8,1.0
36,1,21,Saab,2006,143,0.7,0.0
51,1,6,Pontiac,1993,152,0.8,1.0
33,0,14,Pontiac,1985,127,0.5,0.0
56,1,1,Volkswagen,2009,374,0.55,0.0
56,1,18,Acura,2008,136,0.85,1.0
39,1,7,Toyota,2003,141,1.55,1.0
54,0,7,Volvo,2006,102,0.5,0.0
35,0,3,Honda,1989,355,0.85,1.0
57,1,1,Subaru,2005,199,0.65,0.0
43,1,8,Lexus,2010,471,1.55,1.0
41,0,2,Ford,2013,452,1,1.0
57,0,19,Audi,1991,141,1,1.0
47,1,10,Volvo,2005,145,0.8,1.0
38,0,29,Dodge,2004,111,0.95,1.0
56,0,7,Ford,1997,316,2.45,1.0
39,0,4,Ford,1985,95,0.65,0.0
47,0,19,Dodge,2010,85,2.3,1.0
57,0,31,Lexus,1996,135,0.5,0.0
45,0,10,Lexus,2010,122,0.95,1.0
38,1,7,Acura,2005,300,0.9,1.0
35,1,9,Chevrolet,1973,123,0.95,1.0
41,0,14,Pontiac,1987,93,0.7,0.0
48,1,32,Chevrolet,2006,104,0.9,1.0
54,0,15,Mazda,1995,129,2.45,1.0
25,0,19,McLaren,2012,147,0.9,1.0
53,0,14,GMC,2011,86,0.7,0.0
35,0,5,Acura,2011,245,0.9,1.0
36,0,24,Subaru,1997,622,0.6,0.0
39,0,1,GMC,2010,219,0.8,1.0
49,0,14,Mitsubishi,2002,138,0.75,1.0
44,1,2,Toyota,2009,233,2.3,1.0
50,0,14,Nissan,2005,120,1.4,1.0
57,1,25,Subaru,2007,94,1.55,1.0
31,1,14,Toyota,1997,150,0.55,0.0
61,1,18,Aptera,2010,112,0.7,0.0
50,1,37,Aston Martin,2011,140,0.6,0.0
57,0,20,Volkswagen,2006,120,0.5,0.0
49,0,18,Ford,2001,99,0.9,1.0
48,1,6,Hyundai,2006,656,2.3,1.0
41,1,15,Honda,2002,85,0.8,1.0
52,0,25,Mercedes-Benz,2009,148,0.5,0.0
36,0,5,Chevrolet,2006,276,0.6,0.0
52,1,6,GMC,1997,91,0.8,1.0
46,1,6,Audi,1990,88,0.8,1.0
39,1,21,Ford,1998,121,0.8,1.0
28,0,18,Audi,2002,109,0.75,1.0
47,1,11,Volvo,2011,120,0.6,0.0
39,1,21,Volkswagen,2002,133,0.7,0.0
63,1,36,BMW,2006,141,0.75,1.0
53,1,5,Honda,2006,100,0.5,0.0
53,0,23,Mazda,2003,678,0.7,0.0
51,1,6,Audi,1987,423,0.6,0.0
43,1,1,Ford,2002,169,0.7,0.0
49,1,7,Ford,2006,472,0.95,1.0
51,0,3,Cadillac,2009,258,0.75,1.0
41,0,22,Ford,1983,91,0.65,0.0
67,0,2,Mitsubishi,1992,326,0.6,0.0
39,1,8,Mazda,2011,91,0.6,0.0
34,0,8,Oldsmobile,1994,296,1.55,1.0
54,1,3,Mazda,1988,125,0.6,0.0
37,0,16,Bentley,2006,124,1.55,1.0
45,1,5,Toyota,2003,210,2.3,1.0
54,0,13,Buick,1993,106,0.6,0.0
42,1,5,Chevrolet,2001,219,2.3,1.0
33,0,2,Chevrolet,2011,155,1,1.0
50,0,6,Geo,1995,141,2.45,1.0
43,0,1,BMW,2006,209,0.75,1.0
35,1,7,Toyota,2003,104,0.95,1.0
46,0,6,Chevrolet,1999,197,0.5,0.0
53,0,7,Chrysler,2011,308,0.65,0.0
53,1,7,Aston Martin,2008,217,1,1.0
49,0,1,Honda,2009,199,0.5,0.0
34,0,8,GMC,2006,149,0.7,0.0
44,0,6,Toyota,2007,539,2.45,1.0
51,0,30,Ford,2011,135,0.65,0.0
41,0,7,Ford,2012,530,2.3,1.0
47,1,19,Jeep,2010,157,2.45,1.0
59,1,3,Acura,2006,497,0.9,1.0
40,0,8,Chevrolet,2012,402,0.8,1.0
46,1,17,Pontiac,1989,149,0.8,1.0
47,0,24,Cadillac,2004,100,0.7,0.0
44,0,4,Mercedes-Benz,1992,353,0.6,0.0
49,1,37,Ford,1989,676,0.95,1.0
37,1,15,Chevrolet,2008,136,0.55,0.0
34,1,5,Lamborghini,2006,137,0.85,1.0
47,1,10,Nissan,1990,153,0.85,1.0
49,0,12,Bentley,2010,138,2.3,1.0
34,0,5,Chevrolet,1967,92,0.75,1.0
43,1,5,GMC,2010,420,0.8,1.0
58,0,10,Lexus,1998,106,0.6,0.0
50,0,31,Acura,1988,142,0.85,1.0
54,0,22,Honda,2006,144,1.55,1.0
39,0,7,Chrysler,2005,321,0.65,0.0
40,1,32,Suzuki,1992,103,0.95,1.0
37,0,18,Chevrolet,2010,134,0.8,1.0
52,0,14,Mercedes-Benz,2007,108,0.7,0.0
46,1,13,Pontiac,2010,81,0.75,1.0
34,0,10,Cadillac,2010,101,0.75,1.0
51,1,37,Ford,2010,107,0.5,0.0
53,0,8,Volvo,1998,124,0.6,0.0
47,0,11,Honda,2011,114,0.8,1.0
53,1,35,Pontiac,1987,643,0.9,1.0
42,0,7,Suzuki,2004,123,0.65,0.0
43,1,6,Cadillac,2002,265,2.3,1.0
36,0,9,Porsche,1988,158,1,1.0
39,1,6,Ford,1997,359,0.85,1.0
50,1,5,Lexus,2008,343,0.9,1.0
47,1,10,Audi,2001,124,0.95,1.0
44,1,16,Mercedes-Benz,2005,156,2.3,1.0
44,0,5,Audi,2012,507,2.45,1.0
38,1,1,Subaru,2011,289,2.45,1.0
30,0,8,Ford,1990,134,0.9,1.0
48,1,35,Dodge,1992,116,0.5,0.0
36,0,13,Saab,2002,125,2.3,1.0
38,1,15,Infiniti,2012,132,0.9,1.0
58,1,17,Mitsubishi,1992,138,0.65,0.0
61,1,7,Mazda,1998,126,0.65,0.0
42,0,5,Mercury,2004,161,0.6,0.0
39,0,1,Suzuki,1992,124,0.6,0.0
50,0,39,Isuzu,2008,152,0.55,0.0
37,0,6,Mazda,2006,97,0.6,0.0
46,1,8,Mercury,2010,158,0.85,1.0
29,1,5,Volkswagen,1994,106,0.6,0.0
43,0,4,Kia,1997,423,0.5,0.0
52,1,8,Bentley,2012,125,2.45,1.0
42,0,2,Subaru,2007,244,0.95,1.0
49,0,10,Chrysler,2003,98,0.85,1.0
52,0,37,Suzuki,2010,86,1.4,1.0
60,0,5,Chevrolet,1998,119,0.5,0.0
44,1,25,Cadillac,1996,128,1.55,1.0
55,0,2,Chevrolet,2001,459,0.95,1.0
44,1,12,Chrysler,2000,101,1.4,1.0
42,0,1,Cadillac,2007,245,2.45,1.0
38,1,2,Cadillac,2010,396,0.9,1.0
38,0,31,Ford,2010,92,1,1.0
34,0,34,Hyundai,2002,116,2.3,1.0
54,0,4,Chevrolet,2001,217,0.9,1.0
63,1,2,Ford,1988,300,0.85,1.0
45,1,1,Nissan,1992,271,0.5,0.0
36,0,18,Jaguar,2009,97,0.9,1.0
49,0,21,GMC,2007,137,0.7,0.0
26,0,2,Isuzu,1998,343,0.85,1.0
59,1,7,Mitsubishi,1989,93,0.75,1.0
46,0,2,GMC,1998,459,0.6,0.0
49,0,7,Eagle,1991,489,0.95,1.0
35,0,7,Acura,1989,128,1.55,1.0
46,0,28,Toyota,2012,108,1,1.0
42,1,2,Porsche,2013,253,1,1.0
27,1,22,Chevrolet,1996,125,2.45,1.0
47,1,3,Chevrolet,2005,447,0.95,1.0
40,1,3,Chevrolet,2008,111,0.8,1.0
50,1,23,Oldsmobile,1999,155,0.65,0.0
49,0,4,Lamborghini,1986,412,0.75,1.0
45,1,38,Pontiac,2000,619,0.95,1.0
34,1,5,Nissan,2010,420,0.55,0.0
39,1,38,Isuzu,2000,520,0.5,0.0
47,0,4,Volkswagen,1997,194,0.9,1.0
59,1,3,Cadillac,1992,171,0.85,1.0
48,0,16,Infiniti,2006,124,0.55,0.0
45,0,14,Scion,2011,142,2.45,1.0
43,1,23,Ford,2007,116,1.55,1.0
45,1,14,Pontiac,1971,146,0.9,1.0
52,0,12,Mercedes-Benz,2001,80,2.3,1.0
49,0,8,Buick,1990,409,1.4,1.0
49,1,20,Mercury,1993,122,0.5,0.0
57,0,28,Chevrolet,2011,97,0.85,1.0
44,0,14,Ford,1994,106,0.9,1.0
39,1,3,Ford,1992,117,2.3,1.0
32,0,2,Maserati,2011,201,0.7,0.0
45,0,9,Audi,1985,116,1.4,1.0
41,0,39,Suzuki,1998,534,0.5,0.0
60,0,18,Lexus,2013,157,0.65,0.0
47,0,7,Lexus,2011,386,0.65,0.0
36,0,30,Ford,1985,457,1.4,1.0
45,0,14,Dodge,1993,116,0.75,1.0
33,0,14,Ford,2010,633,1.4,1.0
41,1,4,Hyundai,1997,147,0.5,0.0
42,0,6,Acura,1992,271,0.75,1.0
58,1,15,Land Rover,2009,160,1.55,1.0
39,1,27,Ford,2010,158,0.5,0.0
33,1,9,Acura,1994,143,2.3,1.0
37,0,4,Dodge,2010,173,0.6,0.0
59,0,5,Ford,1995,338,2.3,1.0
53,0,32,MINI,2006,361,1.4,1.0
37,0,7,GMC,1994,97,0.5,0.0
53,0,7,Buick,1979,380,0.7,0.0
41,0,6,Suzuki,2003,328,1,1.0
43,1,6,Maybach,2012,228,1.55,1.0
39,0,5,Lexus,2012,166,0.85,1.0
44,1,3,Ford,1997,159,0.9,1.0
62,0,3,Pontiac,2005,154,0.7,0.0
40,1,5,Honda,2009,163,0.8,1.0
58,1,24,Volkswagen,2010,126,1,1.0
48,0,7,Ford,1991,98,0.75,1.0
32,1,25,Infiniti,2006,104,1.4,1.0
33,1,3,Toyota,2009,173,0.7,0.0
49,1,3,Mercedes-Benz,1988,677,0.9,1.0
36,1,5,Mercedes-Benz,2008,533,1,1.0
